date,spend_google,spend_meta,spend_linkedin,spend_tv,spend_email,impressions_google,impressions_meta,impressions_linkedin,impressions_tv,impressions_email,revenue,is_holiday,is_promo,seasonality_index,competitor_spend_index
2022-01-01,5029.38,3776.26,2032.64,7807.74,498.67,517261,441032,197071,728559,57464,89016.63,1,0,0.98,1.0951215781430097
2022-01-02,4882.62,3840.97,2076.71,8823.49,485.46,646585,334287,200602,1159935,54120,88398.5,0,0,0.9808606168009025,1.0908220317814488
2022-01-03,4943.86,4124.37,2112.29,8807.54,506.89,515955,429148,243736,1255891,55784,90738.96,0,0,1.0057206726167056,1.1109629276875272
2022-01-04,4688.47,3933.53,2046.24,8245.84,502.19,564947,398468,196832,1433534,47031,85709.72,0,0,1.0065796069911719,1.1583239415009214
2022-01-05,4842.84,3960.08,2058.19,8192.17,503.78,547898,388872,234283,715974,46166,77098.78,0,0,1.0074368605252022,1.151042573267682
2022-01-06,4913.73,3867.41,2087.32,8399.91,515.34,439623,368167,227098,942790,131778,96208.4,0,0,1.0082918754039383,1.1437617155710056
2022-01-07,4952.14,3927.03,2087.89,9069.26,509.26,371230,402049,242006,572029,42286,67407.7,0,0,1.0091440959221092,1.1928698270468565
2022-01-08,5099.54,3929.71,1920.97,8833.48,499.18,472646,376791,269245,1102628,38778,67389.38,0,0,0.98599296900704,1.216734419494184
2022-01-09,5349.36,3839.9,1933.81,8200.5,501.71,703102,291869,187901,1005321,63511,78312.09,0,0,0.986837944738739,1.2021353735308047
2022-01-10,5501.52,3908.21,2110.82,8527.24,483.78,505227,326476,188962,961443,60057,98636.64,0,0,1.0116784768664913,1.219007133208237
2022-01-11,5225.39,4160.81,2082.01,7975.0,480.91,421631,354465,188763,760518,52850,78790.3,0,0,1.0125140233213854,1.20459642966338
2022-01-12,5033.45,4134.09,2023.77,7800.54,483.36,573258,454849,173865,861025,56946,78869.94,0,0,1.013344046724204,1.190113828945249
2022-01-13,4939.73,4234.85,2053.63,7697.49,480.66,507578,515094,192853,685766,46005,68497.84,0,0,1.0141680148881183,1.1976380271333174
2022-01-14,4943.64,4053.8,2078.62,7669.64,465.22,492916,340352,232650,953600,76179,88243.65,0,0,1.0149854013156292,1.1381415624285205
2022-01-15,5021.29,3919.89,2174.04,7945.3,481.16,595631,333549,186145,1097900,61972,87623.79,0,0,0.9917956856892071,1.0845025238050165
2022-01-16,4912.43,3986.03,2073.41,7671.85,482.2,434861,307912,284615,1198058,36870,86345.22,0,0,0.9925983543550854,1.0670173068688973
2022-01-17,4940.44,4193.81,2131.92,7562.36,496.51,506291,477001,260033,1361887,60970,76405.48,0,0,1.0173929007996787,1.035521726871585
2022-01-18,4827.14,4243.59,2179.16,7556.65,493.91,445346,444779,269978,843013,39554,75718.56,0,0,1.0181788261180944,1.0452937429599418
2022-01-19,4735.41,4199.77,2167.79,7616.49,485.11,575733,624869,178270,810434,45292,71121.27,0,0,1.0189556394742267,1.0170573032061743
2022-01-20,4524.41,4199.67,2194.88,7655.62,487.8,495821,455740,184668,876217,76440,82565.13,0,0,1.0197228585519222,0.9731394936988806
2022-01-21,4385.93,4024.61,2277.24,7830.02,485.64,383226,335576,207501,627063,43089,72616.43,0,0,1.0204800099967253,1.0187161521592656
2022-01-22,4183.17,4109.24,2347.02,8167.56,473.87,452023,453208,193268,655709,48529,70675.98,0,0,0.9972266298477139,1.011695282252422
2022-01-23,4036.79,4232.77,2255.58,8324.61,488.56,300046,375213,273688,892204,53753,76787.44,0,0,0.9979622639589568,1.0137951782075552
2022-01-24,4194.84,4169.48,2321.19,8506.04,482.34,455925,433463,216991,1326549,45981,77987.16,0,0,1.022686468410126,0.9694903878293774
2022-01-25,4052.43,4103.67,2316.02,7873.16,463.94,387816,385389,237549,887958,42372,77540.31,0,0,1.023398809905819,0.9525619490154352
2022-01-26,4447.29,4140.89,2321.85,7893.25,477.22,374818,537456,198554,896923,41806,85921.22,0,0,1.0240988661631552,0.9560112617661756
2022-01-27,4521.28,4079.75,2327.7,8085.05,472.18,631176,401139,238261,930843,38213,83223.9,0,0,1.0247862262872207,0.9202193024095878
2022-01-28,4549.01,4070.49,2315.69,8376.63,466.1,702183,1013133,250884,973510,43092,80296.37,0,0,1.025460491133959,0.9319022244230137
2022-01-29,4420.25,4364.45,2411.02,8099.69,448.44,636128,453393,217566,931740,61865,83192.34,0,0,1.0021212736601097,0.9132244177008306
2022-01-30,4525.3,4329.87,2404.32,7836.07,465.85,361297,642504,204583,849262,51460,73787.26,0,0,1.0027681992598185,0.9041537408161228
2022-01-31,4438.96,4279.7,2314.76,7606.43,452.96,498967,344804,267191,871406,28513,83890.04,0,0,1.0274009060875573,0.8854427253665527
2022-02-01,4457.26,4189.05,2283.28,7821.0,453.54,294862,362537,231151,750817,39614,83731.56,0,0,1.0280190453670055,0.9430422348664337
2022-02-02,4841.27,4293.23,2297.57,8234.55,462.67,545710,392674,291455,768095,31392,70709.01,0,0,1.028622281685562,0.9426225173903998
2022-02-03,4826.86,4267.86,2395.91,8071.56,466.89,465504,327240,478811,986899,36502,91459.28,0,0,1.0292102932741753,0.9097313290094954
2022-02-04,4999.25,4176.95,2444.16,8434.75,466.29,382083,515535,234995,672513,44478,76235.35,0,0,1.0297827722721948,0.9353096594541347
2022-02-05,4893.78,4361.93,2376.12,8484.14,449.27,349251,323232,211816,1055258,42373,83343.95,0,0,1.0063394249769628,0.8973456020018153
2022-02-06,4888.53,4560.68,2574.93,8434.43,441.18,346139,384401,244669,1246885,44443,92251.36,0,0,1.0068799720778854,0.9038405446757988
2022-02-07,5154.15,4476.62,2596.11,8349.87,443.05,415097,469893,425531,775898,67907,92226.7,0,0,1.0314041488747419,0.8429015135620835
2022-02-08,5060.1,4215.3,2698.14,8648.52,435.18,419991,343511,290176,1033871,43362,85331.46,0,0,1.0319117054800024,0.8015994750340985
2022-02-09,5331.97,4356.35,2686.01,8778.75,437.22,476705,559410,482808,824870,35199,82335.87,0,0,1.0324024070049502,0.8077211854339907
2022-02-10,5438.13,4260.51,2728.68,9689.08,444.03,470560,510181,214192,1865917,50454,93134.86,0,0,1.0328760337294214,0.8306849676269268
2022-02-11,5353.76,4371.19,2795.83,9348.19,453.66,601707,497698,357163,731189,41913,91047.49,0,0,1.0333323812549893,0.8360139344219424
2022-02-12,5448.62,4095.38,2893.29,9555.43,441.4,651468,457991,231263,842290,37716,79402.84,0,0,1.0097712606414477,0.8324176688092626
2022-02-13,5594.51,4220.34,2977.88,9343.75,463.36,559828,535109,250416,1335003,56642,78264.5,0,0,1.01019249852646,0.8230543748291295
2022-02-14,5687.78,4050.78,3047.65,8996.03,471.04,588819,325464,371719,1277402,51777,69507.23,0,0,1.0345959372282656,0.777077403258561
2022-02-15,5452.24,4153.09,3022.45,8991.69,471.02,599573,437983,390778,673811,59143,87704.58,0,0,1.0349814348313484,0.7546927130610367
2022-02-16,5343.17,4155.08,2976.71,9046.63,481.92,468997,388144,278178,1061158,57675,85824.06,0,0,1.0353488652550007,0.7403684244710127
2022-02-17,5306.05,4021.53,3003.32,10213.9,505.57,445489,453934,361351,1225918,68092,95593.41,0,0,1.0356981183047278,0.7732413062124637
2022-02-18,5294.88,3964.55,3077.97,10140.24,491.18,520289,623475,301614,1854505,59907,89246.64,0,0,1.0360290997064612,0.7839266584991013
2022-02-19,5387.98,4060.63,3060.15,9688.17,488.93,415898,385255,338724,1041913,38082,96468.22,0,0,1.0123417311235707,0.7291021461624677
2022-02-20,5414.64,4075.46,3145.36,9797.37,465.15,701685,659941,488586,1026487,56940,79949.58,0,0,1.0126359501566802,0.7391800479755064
2022-02-21,5214.34,4157.28,3261.57,8967.52,467.07,542443,421514,588831,784492,45555,96060.74,0,0,1.036911710326318,0.7272053075425753
2022-02-22,5271.36,4433.98,3188.27,8930.73,470.73,615357,610457,304999,1240062,52336,82749.99,0,0,1.037168981038447,0.7061553510547283
2022-02-23,5362.95,4214.98,3121.31,8937.14,470.34,855755,301618,351623,1284178,38060,93112.86,0,0,1.037407747532944,0.7251763893116151
2022-02-24,5446.92,4441.39,3110.08,9254.98,463.79,553851,375666,349690,848931,36744,74850.86,0,0,1.0376280108151132,0.7572369444091325
2022-02-25,5609.04,4456.0,3134.69,9644.43,443.3,574902,436371,275173,802802,37798,88584.37,0,0,1.0378297875703426,0.7861965674920468
2022-02-26,5734.13,4330.17,3092.73,9443.0,447.03,440176,345656,250486,1376994,42124,69613.48,0,0,1.0140131100620267,0.7600997759271535
2022-02-27,5803.0,4143.93,3200.9,9382.76,461.58,515290,498826,338544,771416,48395,83675.82,0,0,1.0141780260129052,0.7504843297542858
2022-02-28,5792.48,4117.45,3234.83,9076.31,455.67,728465,371378,347129,900867,59829,90503.82,0,0,1.0383245984699765,0.7607854882539478
2022-03-01,5543.33,4246.48,3237.98,8625.09,460.08,404381,408331,294354,707925,33130,82269.95,0,0,1.0384529056531748,0.7911216015263415
2022-03-02,5607.78,4228.63,3123.11,8749.04,444.39,450711,401654,428638,887367,52401,77981.96,0,0,1.0385630407880095,0.7762209233799943
2022-03-03,5638.93,4440.19,3017.85,8239.61,448.97,505091,353949,288891,1662739,39636,93384.9,0,0,1.038655111922387,0.7704475648858322
2022-03-04,5679.67,4237.02,3040.33,8073.76,445.03,594914,369562,273810,832684,36721,85796.13,0,0,1.038729241727858,0.7360443351883422
2022-03-05,5488.16,4235.33,2869.72,7675.69,437.41,679133,400411,252606,633293,49205,81393.45,0,0,1.01478556728554,0.6988464048861929
2022-03-06,5326.0,4060.0,2950.73,7895.56,429.8,575436,606855,481634,961407,35592,85240.4,0,0,1.014824239856996,0.7241131759453687
2022-03-07,5483.97,4110.9,2938.08,8616.13,425.87,450336,508781,346582,934092,36941,107352.77,0,0,1.0388454246403545,0.7662875971867948
2022-03-08,5478.04,4235.07,3197.52,8095.5,429.69,397848,434162,387886,839109,31933,95458.37,0,0,1.0388493005119845,0.7640483289619987
2022-03-09,5580.26,4176.16,3382.16,7354.29,416.57,426414,409960,331591,1750617,45973,95183.59,0,0,1.038836059754046,0.7952547660776521
2022-03-10,5584.51,3811.57,3367.64,7304.34,412.6,618967,492477,307225,547441,55545,88881.96,0,0,1.0388059077682588,0.806500408246543
2022-03-11,5588.97,3839.42,3359.14,7310.62,412.19,720157,259012,258526,891838,45854,86746.72,0,0,1.0387590627762457,0.7864393927118867
2022-03-12,5729.72,3900.57,3438.78,7398.08,401.19,557269,299289,381660,671852,38511,64684.88,0,0,1.014695755506823,0.7976775586562833
2022-03-13,5652.31,3957.17,3575.04,7219.55,419.16,874548,353185,397012,734695,41434,78275.68,0,0,1.0146162288706224,0.845505229770818
2022-03-14,5666.73,4130.18,3443.99,7139.3,410.63,532270,407152,280014,570448,44570,81119.12,0,0,1.0385207376224475,0.84439116261972
2022-03-15,5597.39,3980.23,3301.08,7286.3,403.93,576765,415665,311624,673902,65344,69238.68,0,0,1.0384095480117794,0.893046223112634
2022-03-16,5532.21,4075.46,3251.32,7702.47,394.15,610086,503382,259373,808221,36025,75792.89,0,0,1.038282937421859,0.8115811201533352
2022-03-17,5485.83,4242.41,3297.94,6920.45,412.13,805486,417768,311789,842625,29555,68842.3,0,0,1.0381411939977883,0.8371394739171827
2022-03-18,5519.16,3993.41,3337.69,6772.88,417.66,500504,379764,434269,584085,38218,84397.72,0,0,1.0379846162641033,0.8398463396978487
2022-03-19,5447.34,4038.16,3423.27,6858.4,408.3,609691,537241,466784,1096797,36396,90130.25,0,0,1.0138135127322838,0.8305482348733517
2022-03-20,5635.71,3967.58,3327.3,6491.21,419.36,735716,371902,482428,574861,37628,92340.21,0,0,1.0136282014986775,0.8334016808427401
2022-03-21,5501.52,3956.16,3142.0,7183.68,421.37,1292809,408295,277462,920759,39037,88436.65,0,0,1.0374290098333259,0.7715950928606153
2022-03-22,5473.48,4004.84,3210.64,6929.51,423.94,550377,647573,259400,554159,35735,77289.58,0,0,1.037216273760188,0.7647640492861816
2022-03-23,5407.52,3936.63,3144.39,6913.0,420.49,399241,475482,229539,669695,38968,69208.19,0,0,1.0369903376292702,0.7758690275380152
2022-03-24,5624.57,3842.03,2982.91,7135.41,413.0,422185,418850,255250,632109,44055,70252.81,0,0,1.0367515536811778,0.8218264721496487
2022-03-25,5654.05,3846.81,2994.52,6898.89,416.38,622295,279253,242949,678759,49521,74339.11,0,0,1.0365002816046127,0.8057100428731939
2022-03-26,5808.83,3694.59,3057.97,6160.26,410.93,660426,332454,345925,948426,43246,76194.61,0,0,1.0122368880873474,0.780568660034533
2022-03-27,5586.0,3542.58,3048.2,5988.8,429.09,510717,483362,396532,723413,40373,81880.41,0,0,1.0119617463612165,0.764965733951245
2022-03-28,5626.05,3637.69,3011.58,6400.58,416.4,702973,331541,257396,564187,44450,75905.92,0,0,1.035675235741671,0.793431605555067
2022-03-29,5759.5,3476.86,2998.83,6265.82,431.76,543165,503499,276763,606371,40622,86750.31,0,0,1.0353777411624434,0.803654639450464
2022-03-30,5771.84,3570.14,2969.18,5927.25,430.65,500500,293467,290672,479474,39588,82153.38,0,0,1.0350696527058838,0.7871809109658692
2022-03-31,5931.66,3634.91,2861.34,6297.51,433.64,476291,401303,265560,582750,37170,84114.68,0,0,1.034751365129525,0.8031417707529372
2022-04-01,5854.07,3393.29,2804.16,6165.2,441.97,597373,345805,263391,764288,35173,93081.85,0,0,1.034423277389442,0.806160550152631
2022-04-02,6065.47,3298.43,2845.87,5961.14,435.67,632304,260713,226444,708995,42898,72675.78,0,0,1.0100857921609725,0.8362820928025558
2022-04-03,6410.31,3465.61,2871.6,6020.92,444.31,777569,466706,228086,589949,60169,86092.27,0,0,1.0097393153573708,0.8144506453513026
2022-04-04,6355.88,3328.25,2885.04,6329.22,417.24,761526,461887,260185,1178207,44817,83901.6,0,0,1.0333842556469628,0.804261474478617
2022-04-05,6289.06,3263.23,2805.43,7281.91,410.04,658744,369444,239953,545589,40645,81600.57,0,0,1.0330210239693791,0.7920682534601963
2022-04-06,6507.06,3327.92,2790.91,7612.8,400.8,606169,275564,253072,699481,63332,92219.56,0,0,1.0326500330514359,0.7465579495203472
2022-04-07,6744.0,3437.59,2616.75,8076.74,388.26,570213,493814,288262,648522,30387,92464.2,0,0,1.03227169692324,0.7557662762471505
2022-04-08,6665.57,3402.38,2631.03,7874.35,386.11,794121,784737,228524,1151424,37542,77660.45,0,0,1.0318864304350852,0.763884201381547
2022-04-09,6602.54,3318.73,2745.33,7464.0,389.97,508460,364788,380714,597640,36233,82563.93,0,0,1.0074946487757164,0.7640432123750998
2022-04-10,6560.28,3517.86,2627.4,7488.94,397.0,693640,316825,217001,517800,31183,86408.2,0,0,1.0070967669925235,0.7567483557329405
2022-04-11,6358.61,3761.3,2580.53,7531.8,399.4,638590,303318,339055,1023587,45700,83540.44,0,0,1.0306931995142352,0.7127351717606855
2022-04-12,6220.81,3898.34,2606.86,7100.4,392.75,731380,429632,246590,615137,35230,90516.05,0,0,1.0302843596766695,0.6996545424754428
2022-04-13,6070.19,3910.29,2707.09,7030.28,396.44,1178330,426090,325774,702872,40534,88014.91,0,0,1.0298706592521019,0.688997294435962
2022-04-14,5955.02,3797.13,2671.23,7190.01,397.68,506031,308514,240504,1040352,41288,100640.96,0,0,1.0294525079828,0.6640492182903046
2022-04-15,5949.82,3680.87,2615.85,7334.17,407.04,518562,587950,263372,667606,48139,73240.92,0,0,1.0290303131192755,0.6590337848856488
2022-04-16,5984.95,3754.02,2458.33,7535.88,414.81,634177,407030,360963,645903,31116,83339.47,0,0,1.0046044789637874,0.6715983830978196
2022-04-17,6217.52,3812.6,2466.61,7652.27,415.12,613532,367272,227518,869799,44882,76660.57,0,0,1.004175406419635,0.7302523064900666
2022-04-18,6067.77,4008.82,2629.97,7449.46,406.14,550022,367834,297369,604084,35630,90254.13,0,0,1.027743492546766,0.735681078729989
2022-04-19,6215.42,4099.88,2652.16,7243.9,399.61,904073,456538,225480,1086617,63938,72216.87,0,0,1.0273091301242123,0.7436900140514762
2022-04-20,6183.32,3889.45,2650.38,6764.32,394.12,691500,386284,264968,964886,31886,87919.94,0,0,1.0268727072198702,0.7413750009674467
2022-04-21,6175.9,4036.72,2676.15,7478.23,390.96,532932,803593,248002,727936,32299,80609.28,0,0,1.0264346067681158,0.6817077858763098
2022-04-22,6277.12,3897.0,2675.26,7483.61,393.64,837908,448782,330897,744581,38612,79793.52,0,0,1.0259952061557542,0.6808832951310275
2022-04-23,6108.72,3843.24,2610.22,7393.67,400.79,576995,352364,295898,863056,41985,72618.65,0,0,1.0015548768167721,0.6827562484372274
2022-04-24,6166.08,3878.27,2676.08,7022.16,400.28,846194,482647,294634,604358,37063,79883.88,0,0,1.0011139838363692,0.75935464421017
2022-04-25,6191.04,4157.66,2694.14,8196.42,400.44,566279,410919,230005,740967,27470,94145.01,0,0,1.024672885564721,0.7533728768325803
2022-04-26,6264.91,4593.05,2695.55,7767.09,401.88,630989,421623,201842,662931,62080,85372.28,0,0,1.0242319332409169,0.7627499667074542
2022-04-27,6308.29,4677.99,2617.52,7595.55,396.72,931837,502205,311994,778733,34306,90751.93,0,0,1.0237914706275064,0.7616705495196818
2022-04-28,6676.58,4652.34,2721.8,7761.88,387.46,541514,449896,223949,692706,47386,99702.66,0,0,1.02335183365607,0.7253286640010039
2022-04-29,6580.92,4727.17,2774.98,8001.97,369.91,771429,585442,490223,878497,37139,88141.05,0,0,1.0229133500842211,0.760866540607152
2022-04-30,6501.27,4851.45,2730.75,8385.14,362.96,775855,506056,358760,594369,38189,80162.86,0,0,0.9984763391644257,0.7842490833708343
2022-05-01,6407.8,4806.55,2810.89,9108.18,367.69,616067,428375,347777,1087556,40214,88490.3,0,0,0.9980411113250197,0.8088474684997369
2022-05-02,6324.48,5057.88,2771.09,9310.65,360.66,514299,490393,379862,655191,36142,81917.84,0,0,1.0216079678637815,0.7805686323186539
2022-05-03,6228.87,5090.09,2708.53,8888.23,358.28,781701,576654,396399,882665,46340,81816.35,0,0,1.0211772006544042,0.8241907323438529
2022-05-04,6407.22,5159.78,2647.75,8785.46,362.95,632915,493833,244573,1211958,30099,73975.3,0,0,1.0207490918661999,0.7805979641063276
2022-05-05,6620.3,5253.01,2506.06,8908.59,368.15,609737,459612,261816,699472,57419,93795.49,0,0,1.020323913697345,0.798847210376203
2022-05-06,6534.69,5312.03,2543.79,9735.88,357.36,573912,900326,236438,949675,32254,82739.97,0,0,1.0199019281219652,0.8669628804105929
2022-05-07,6409.83,5429.48,2397.3,9176.76,367.33,619135,440771,210641,784188,39300,86328.31,0,0,0.9954833866513375,0.8361605922086897
2022-05-08,6480.55,5343.06,2299.02,9657.79,378.6,699394,572830,218305,775869,49438,76601.22,0,0,0.9950685301094733,0.8185506717718934
2022-05-09,6397.71,5264.9,2132.97,9729.75,367.3,766669,485201,188500,911375,35302,89618.54,0,0,1.018657588423324,0.821649488028569
2022-05-10,6492.65,5110.88,2126.09,10064.89,359.07,638269,412351,215607,1141724,52144,80012.62,0,0,1.018250780427837,0.8059931190421183
2022-05-11,6523.09,5172.41,2114.06,10024.09,370.98,830362,712782,277217,838736,36805,85523.73,0,0,1.0178483136860708,0.7577727956717976
2022-05-12,6295.73,5281.46,2087.93,9687.12,369.51,1514380,615475,172333,968565,51649,93678.69,0,0,1.0174503843245564,0.7599048694346415
2022-05-13,6527.86,5345.55,2004.52,9987.46,347.31,600366,567293,227224,878272,31798,93283.6,0,0,1.017057176884078,0.7268708611726766
2022-05-14,6797.24,5579.98,1910.74,10249.24,333.31,575653,661724,235058,1800469,40891,85523.25,0,0,0.9926688641860257,0.7415979642264088
2022-05-15,6705.32,5579.2,1947.89,10638.06,330.82,1271359,414198,201976,976510,36362,71709.62,0,0,0.9922856072144509,0.713007018569825
2022-05-16,6647.16,5672.82,1903.85,10632.74,319.19,832922,684589,232904,1218955,30147,111231.13,0,0,1.0159075550139407,0.7612046717261558
2022-05-17,6690.04,5519.98,1929.15,10392.81,315.06,595289,620997,210488,781026,37263,101252.01,0,0,1.0155348446034054,0.7368481761252023
2022-05-18,6740.21,5465.79,1858.34,9769.29,315.38,477522,525113,173869,868677,31908,92853.01,0,0,1.0151676009058535,0.7268331656816425
2022-05-19,6838.99,5563.16,1872.82,10097.04,330.0,681067,732409,175084,963485,47330,80727.57,0,0,1.0148059366942126,0.752130765730106
2022-05-20,7140.52,5682.04,1977.08,10266.6,327.1,835736,617033,240980,935656,29045,86503.34,0,0,1.014449952553229,0.7138550998606741
2022-05-21,7113.98,5640.88,2023.98,9880.29,337.82,738409,530412,224273,1234555,24969,81750.81,0,0,0.9900997368574664,0.7209283250239592
2022-05-22,6994.24,5630.86,1990.98,9664.86,352.11,548578,603245,163885,729615,22594,95990.06,0,0,0.989755365765399,0.7615759891397852
2022-05-23,6787.34,5418.36,2011.56,9478.15,366.45,779431,552148,182989,677847,35989,89277.7,0,0,1.013416903229576,0.7115887644268
2022-05-24,6677.7,5368.37,1992.31,8884.96,369.3,794811,600399,140798,823763,31901,80426.44,0,0,1.0130844010228184,0.7173302452569866
2022-05-25,6672.73,5493.02,1992.94,8557.89,349.67,738582,787976,161237,649269,54307,82692.78,0,0,1.0127578987803847,0.7254117103421764
2022-05-26,6941.92,5573.55,1966.89,8104.35,354.28,857732,523673,160058,914537,27241,95339.75,0,0,1.0124374240580247,0.749723724761382
2022-05-27,6864.27,5643.65,1953.74,7939.36,364.76,669990,417743,270441,944513,31574,99435.88,0,0,1.0121229924058226,0.7112587928640195
2022-05-28,6897.84,5650.62,1970.71,7643.88,363.95,520617,562990,170954,758183,40295,97817.39,0,0,0.9878146074577108,0.670197113324943
2022-05-29,6895.38,5651.6,1891.24,6993.08,381.4,647687,540796,191154,643345,30574,91142.88,0,0,0.9875122610365134,0.686427708933401
2022-05-30,7073.64,5559.16,1809.97,7802.12,389.99,744962,488269,203412,846949,41091,84123.21,0,0,1.0112159332743662,0.6956629154214313
2022-05-31,7452.68,5656.99,1698.88,8303.13,395.68,791459,758174,164365,749682,43558,60034.66,0,0,1.0109255927483356,0.7034523854015977
2022-06-01,7373.05,5715.93,1570.86,7991.53,406.54,1072659,426402,132112,753010,37125,88672.78,0,0,1.010641196631042,0.714225738508614
2022-06-02,7299.63,5784.81,1473.48,8100.5,409.87,620389,555983,133933,1012133,52059,86379.41,0,0,1.0103626908560772,0.6930792980126372
2022-06-03,7456.25,5711.17,1486.24,8267.48,384.95,757417,430586,180302,749030,31964,87500.38,0,0,1.0100900102979855,0.7003015927780178
2022-06-04,7558.54,5409.7,1414.81,8743.92,379.96,784159,633905,123189,745619,48169,85487.68,0,0,0.9858230789665579,0.7094151432431152
2022-06-05,7835.54,5563.3,1455.9,8416.47,391.93,478179,407983,166869,813741,49612,74638.71,0,0,0.9855618102151802,0.6872012600192129
2022-06-06,7923.13,5496.27,1458.68,8853.32,383.85,747641,475854,139809,719472,46922,90828.6,0,0,1.009306106962947,0.7452204590672269
2022-06-07,7869.24,5375.48,1301.2,8634.15,381.62,926183,484012,138524,1141300,33129,91151.84,0,0,1.0090558619302472,0.7599550405451437
2022-06-08,7957.84,5472.56,1353.6,8099.81,371.17,869967,522787,141556,740662,42340,91807.1,0,0,1.008810957887503,0.7229095807010237
2022-06-09,8124.14,5417.68,1418.46,8389.46,389.01,660666,570106,122997,1095311,53259,93902.04,0,0,1.008571267916735,0.7433261499474575
2022-06-10,8247.22,5566.07,1338.95,8905.77,405.82,806452,448838,169068,1145902,46176,91572.26,0,0,1.0083366556856024,0.7130168872280986
2022-06-11,8323.31,5652.45,1372.57,9940.93,396.98,1168439,549811,98814,1137649,39954,82257.01,0,0,0.9841069757335635,0.7374925234957106
2022-06-12,8483.31,5748.15,1304.05,9461.04,398.46,716589,947624,205109,1165744,52167,84834.73,0,0,0.9838820737697722,0.773520879073007
2022-06-13,8658.7,5556.92,1311.86,9740.61,391.65,999422,715579,148996,1093958,50886,87681.49,0,0,1.0076617869823272,0.7480004689166806
2022-06-14,8866.03,5726.59,1210.7,9576.69,397.8,644962,594766,112724,1000521,27970,87641.79,0,0,1.0074459443584671,0.7779581680206508
2022-06-15,8963.33,5763.17,1067.25,9890.03,402.9,737110,542671,95558,847162,48666,94790.17,0,0,1.0072343670152935,0.7907942415226188
2022-06-16,8938.27,5711.47,1036.63,9301.84,411.01,981649,577685,105789,994032,43940,91584.36,0,0,1.0070268685405934,0.8163574978364264
2022-06-17,8960.27,5731.54,1026.73,8796.73,414.33,713282,460811,103865,1288190,44718,102592.09,0,0,1.0068232553433192,0.8753412651438454
2022-06-18,9141.25,5482.87,994.92,8486.38,443.69,901885,899156,91942,691065,48452,102315.75,0,0,0.9826233270132702,0.8677105349235829
2022-06-19,9018.71,5540.08,900.19,8517.96,433.41,770464,538542,94381,1023078,38550,85017.84,0,0,0.9824268766895142,0.8442719209387063
2022-06-20,9074.01,5395.97,868.2,8261.53,416.3,827206,847884,67901,835971,34994,54418.62,0,0,1.0062336914370706,0.8166110677968874
2022-06-21,9015.01,5206.6,889.75,8525.15,412.37,1085193,451984,76185,782621,43925,95725.22,0,0,1.0060435526313711,0.7912421611974583
2022-06-22,9019.32,4993.46,886.15,8935.91,396.69,1035169,508962,75445,859287,52702,81231.65,0,0,1.0058562363500032,0.7888445620241828
2022-06-23,9211.09,5149.24,900.75,9175.74,381.77,763777,475056,111650,752828,30422,79175.62,0,0,1.0056715137712318,0.7994532203664847
2022-06-24,9239.75,5061.14,847.14,9823.26,371.75,990280,611823,86081,896446,37898,82478.9,0,0,1.0054891515787903,0.8080573568605741
2022-06-25,9246.72,5275.87,940.88,9989.59,362.53,1005876,420089,100104,1206854,26933,80931.81,0,0,0.9813089123724156,0.833779923702565
2022-06-26,9042.74,5200.85,846.79,9502.83,352.99,1117802,430411,105997,661889,64076,89360.86,0,0,0.9811305550836091,0.8341842380226284
2022-06-27,9154.68,4961.82,885.79,10048.18,358.17,843967,444326,82627,967225,34470,72581.11,0,0,1.0049538353960836,0.8793841710487897
2022-06-28,9251.5,4805.51,980.34,9806.12,353.11,654971,493330,109846,1010386,25519,76585.63,0,0,1.0047785061703611,0.8711542496969171
2022-06-29,9575.99,4978.52,1018.82,10170.28,351.31,1217555,446116,90075,852650,37802,87667.55,0,0,1.0046043178719803,0.9557421971567637
2022-06-30,9529.82,4956.7,1002.62,10799.78,360.25,948388,577286,127565,1028658,37727,89952.35,0,0,1.0044310190027614,0.9751983094420303
2022-07-01,9562.69,4879.94,960.35,10982.45,352.59,745662,416693,71465,1017039,33291,90369.04,0,0,1.0042583565345815,0.9485436442699177
2022-07-02,9600.1,4902.34,1043.24,10383.99,349.94,975549,368626,127110,692988,39398,77878.76,0,0,0.9800860763451023,0.9152425542223797
2022-07-03,9836.72,4972.59,929.4,10016.7,353.6,902059,409563,89035,1059996,37714,76128.84,0,0,0.9799139236548977,0.9302457943931308
2022-07-04,9822.43,5129.03,851.79,10545.8,334.19,1247258,600533,73533,1126150,35840,106831.9,1,0,1.0037416434654185,0.9232968668865108
2022-07-05,9864.28,5331.82,819.99,10478.15,310.34,908596,497239,92563,1023941,35487,87133.91,0,0,1.0035689809972386,0.9454998375775899
2022-07-06,9955.46,5281.45,919.0,10509.98,313.8,1034257,712389,78514,865516,25189,97260.54,0,0,1.0033956821280197,0.96021590737763
2022-07-07,9983.46,5095.8,949.38,10813.51,318.72,833938,457237,125885,1547677,29181,68629.13,0,0,1.0032214938296389,0.9579511775538224
2022-07-08,9916.49,5037.92,871.94,11092.04,339.36,801347,462143,67570,1827689,32316,83677.54,0,0,1.0030461646039164,0.9316187922694535
2022-07-09,9945.6,5074.36,847.11,11203.56,340.94,655216,810552,84472,1269415,29348,73856.64,0,0,0.9788694449163908,0.884512230286004
2022-07-10,10106.65,4939.43,797.97,11120.09,349.14,905673,643454,90604,1651788,36863,71334.21,0,0,0.9786910876275845,0.8706271441048256
2022-07-11,9952.67,4805.43,741.18,10995.03,347.18,934383,509388,78835,1201598,41079,93418.76,0,0,1.0025108484212097,0.8972582143737868
2022-07-12,9972.62,4853.56,819.49,11338.19,350.16,959942,516430,70538,1030276,39814,90036.61,0,0,1.0023284862287682,0.9039157967779989
2022-07-13,9867.6,4846.75,709.75,11559.61,366.83,1061755,639324,80370,1406535,36670,89539.83,0,0,1.0021437636499968,0.8651775860605768
2022-07-14,10046.86,4851.34,838.46,11456.69,345.59,940984,450117,98627,1603154,43848,93450.79,0,0,1.0019564473686289,0.8705629198982195
2022-07-15,9818.38,4745.15,904.71,11889.54,349.73,1043487,451792,94666,1172692,38861,82035.6,0,0,1.0017663085629294,0.8825449711148106
2022-07-16,9734.54,4712.89,991.98,11837.93,371.08,941725,490341,129738,1009624,41380,81530.19,0,0,0.9775731233104857,0.8550600310994401
2022-07-17,9791.12,4583.5,954.95,11497.26,373.9,774909,539971,70005,1739360,26240,102649.78,0,0,0.9773766729867298,0.8598403555530411
2022-07-18,10025.95,4708.13,942.95,11193.67,390.41,1255297,389185,106342,961617,87685,84133.32,0,0,1.0011767446566808,0.8616504473951555
2022-07-19,10016.09,4853.06,828.3,10802.18,384.12,815658,364596,71018,928452,39843,92282.65,0,0,1.0009731314594066,0.8261079845628622
2022-07-20,9932.81,4594.6,786.33,10693.21,383.8,786182,508653,75471,897973,28532,86011.87,0,0,1.0007656329847066,0.8372339464370943
2022-07-21,10214.98,4464.47,825.82,11186.7,384.13,1046203,508732,102830,899472,37499,70818.92,0,0,1.0005540556415329,0.8546724251300216
2022-07-22,9997.78,4254.95,929.51,10864.66,361.95,1736844,387433,93061,754280,31456,68812.87,0,0,1.0003382130176728,0.8883516105201312
2022-07-23,9667.96,4163.95,840.93,10940.05,350.27,1100588,448511,72695,1177893,34342,78949.23,0,0,0.9761179262302279,0.9211212462124452
2022-07-24,9733.96,4152.27,811.69,10677.38,339.3,772905,427135,84345,1044841,39156,92414.74,0,0,0.9758930242664364,0.8782804458882881
2022-07-25,9658.65,3949.32,799.59,10573.25,347.52,970303,344038,64555,1153389,63001,91493.01,0,0,0.9996633443143975,0.849117298177763
2022-07-26,9505.47,3820.26,687.93,9969.24,356.25,1187976,618036,57122,996530,34219,91986.64,0,0,0.9994287320832651,0.865133131552286
2022-07-27,9611.72,3679.7,735.23,9881.02,359.49,1069103,291194,62109,756254,42549,76238.07,0,0,0.9991890421124969,0.8811101154675388
2022-07-28,9648.29,3708.72,677.31,9803.54,367.73,825965,365558,74588,1341119,43781,97121.37,0,0,0.9989441380697528,0.8971263350334686
2022-07-29,9563.68,3718.43,661.68,10019.66,366.09,862100,405189,84395,1210410,40667,75097.14,0,0,0.9986938930370529,1.0169330929774918
2022-07-30,9371.63,3617.38,625.53,10108.97,378.11,984194,368312,71303,792589,28029,83180.78,0,0,0.9744381897848199,1.034685833180919
2022-07-31,9502.5,3642.14,562.38,9629.61,378.19,1025485,366971,54114,799797,25537,80922.59,0,0,0.9741769210334421,1.0699980365131962
2022-08-01,9600.03,3565.6,561.82,10063.29,378.77,1041615,545400,50653,1085139,36300,80524.21,0,0,0.9979099897020146,1.0996642249393143
2022-08-02,9585.16,3527.57,544.57,10147.41,376.12,1175346,271563,96267,866648,41466,92604.75,0,0,0.9976373091439227,1.1199202625483058
2022-08-03,9862.15,3761.86,514.82,10226.77,382.96,745396,373102,51566,957345,50089,76267.45,0,0,0.9973588033689581,1.1101164684942846
2022-08-04,9701.64,3949.52,456.54,10223.1,378.75,1037014,362807,44255,786359,34630,70881.94,0,0,0.9970744072516644,1.1337178126074579
2022-08-05,9472.81,3767.58,482.1,10015.99,388.51,761828,316521,51044,986893,28639,82081.6,0,0,0.9967840667256338,1.1096855945212174
2022-08-06,9369.02,3883.74,614.39,10103.11,377.19,718338,488050,48829,838345,39682,77668.36,0,0,0.9724877389634867,1.1023213466977804
2022-08-07,9362.19,3997.34,625.58,10293.35,366.2,780402,365156,57692,673471,69859,108566.51,0,0,0.9721853925422892,1.087228202202592
2022-08-08,9398.69,3836.58,705.27,9594.59,373.08,1028667,405356,55884,856951,32899,87726.52,0,0,0.9958770075941773,1.0897742076076211
2022-08-09,9362.5,3951.21,594.06,9379.09,372.19,866300,337897,62087,928746,31092,78127.4,0,0,0.9955625759419753,1.1617521638428705
2022-08-10,9415.31,4166.52,606.68,9277.11,367.65,946109,725174,51089,810589,53842,73381.07,0,0,0.9952421012196152,1.1036866097058178
2022-08-11,9227.58,4009.36,518.89,9379.58,376.55,1126331,409043,39102,1011882,36371,66286.73,0,0,0.9949155989771815,1.1250269519316516
2022-08-12,9444.14,3880.91,400.73,9856.9,370.48,886881,441296,31745,667092,33981,73478.3,0,0,0.994583096770424,1.074877010135612
2022-08-13,9431.82,4023.39,400.0,9548.2,368.48,1234221,370323,51179,921629,37395,81659.93,0,0,0.9702446342346009,1.060201544962954
2022-08-14,9599.41,4061.39,436.94,9349.02,382.47,775688,371240,46029,988882,45432,92130.95,0,0,0.9699002631425335,1.0940641800571267
2022-08-15,9650.82,4138.6,512.94,9144.01,397.86,1063948,482088,55097,1097901,33067,90951.24,0,0,0.9935500474467711,1.0960630685618376
2022-08-16,9719.34,4186.28,532.38,8823.4,413.59,934343,488159,48493,723559,44988,84001.25,0,0,0.9931940633057875,1.0625488960720053
2022-08-17,9804.8,4240.98,409.76,8684.52,410.76,927907,433697,36030,740092,58433,79520.62,0,0,0.9928323990941466,1.0403053998512999
2022-08-18,9871.96,4055.28,400.0,8992.84,423.07,1041105,494141,48064,998618,71694,84067.48,0,0,0.9924651553965947,1.061438562959971
2022-08-19,9968.37,4201.9,418.19,8571.31,413.58,892153,359630,41260,768527,33029,77848.98,0,0,0.9920924449860593,1.0387266614249755
2022-08-20,10167.74,4365.64,432.24,8742.43,404.51,1123483,471371,72521,1251980,36010,94901.43,0,0,0.9677143927855492,1.0454577824257139
2022-08-21,10197.22,4333.53,400.0,8061.67,381.01,868396,1035237,31047,777408,37442,79197.3,0,0,0.9673311358139743,1.0468749106127322
2022-08-22,10303.57,4327.44,400.0,7837.14,397.74,1409895,467813,44567,718640,43614,81290.1,0,0,0.990942823115922,1.0266123708247374
2022-08-23,10290.11,4113.09,400.0,7705.34,389.1,1003643,519138,39558,574397,43513,63204.35,0,0,0.9905496156754436,1.0932816913258838
2022-08-24,10506.12,4185.08,400.0,8375.29,387.83,757042,621167,42641,990178,49415,79566.14,0,0,0.9901516863139291,1.1129944024367375
2022-08-25,10404.67,4265.17,400.0,8265.36,378.73,1300691,566789,32541,1110444,41450,88491.9,0,0,0.989749219572163,1.0500194019026126
2022-08-26,10674.81,4256.46,400.0,7384.87,385.68,1234865,416532,92486,899590,66960,72853.36,0,0,0.9893424115766761,1.0558174926886912
2022-08-27,10668.78,4413.87,400.0,6585.31,381.92,967443,348722,40133,898790,44785,74173.84,0,0,0.9649314698905267,1.035238199533314
2022-08-28,10454.17,4367.1,400.0,6598.92,368.88,1009171,410968,40865,520694,39334,86227.68,0,0,0.9645166133486626,1.0617459575883639
2022-08-29,10473.38,4446.15,400.0,6844.43,373.29,978706,505992,43991,522584,33271,69142.32,0,0,0.9880980718780349,1.0371012761447345
2022-08-30,10371.23,4303.39,400.0,6994.61,358.96,944696,394379,29734,657362,36184,89637.02,0,0,0.9876760863026549,1.033533365662645
2022-08-31,10497.32,4300.1,400.0,7061.64,350.58,931485,473484,48630,567538,30249,76575.38,0,0,0.9872509081338001,1.049236741006703
2022-09-01,10399.43,4275.69,400.0,7526.55,329.51,851059,496549,34651,733016,25949,77560.65,0,0,0.9868227993455959,1.0761587632754008
2022-09-02,10332.5,4307.23,400.0,7310.71,315.27,954977,560015,37340,745247,26020,71851.5,0,0,0.9863920321362186,1.0388336547257846
2022-09-03,10049.07,4255.5,400.0,7668.67,317.06,1055853,655060,31941,821592,28979,82923.93,0,0,0.9619588886749803,1.028431811594079
2022-09-04,9981.22,4237.09,400.0,7015.87,297.41,879779,459547,46159,748023,29671,99733.21,0,0,0.9615236608355744,1.0136626385881398
2022-09-05,9617.64,4352.74,400.0,6653.89,282.6,696942,421936,46871,963718,35156,87197.9,0,0,0.9850866499157789,0.9933463363971943
2022-09-06,9380.06,4291.59,400.0,5931.07,282.58,963566,437616,32808,563334,24615,72950.51,0,0,0.9846481663439299,1.0482459185091735
2022-09-07,9494.12,4066.67,400.0,5821.13,277.14,1179256,443569,36864,586847,20745,88716.23,0,0,0.9842085293724936,1.0608394630981348
2022-09-08,9611.99,4311.61,400.0,5802.63,297.06,786954,531739,57886,504984,27804,77218.27,0,0,0.9837680667590831,1.021630289274591
2022-09-09,9675.81,4505.01,400.0,5848.27,315.4,991451,401642,44836,574089,22798,90815.29,0,0,0.983327114435279,1.0501726531490416
2022-09-10,9530.76,4324.1,400.0,5873.02,306.72,1685470,587056,37131,607056,44140,84340.88,0,0,0.9588860161636308,1.116164444799099
2022-09-11,9523.6,4420.66,400.0,5502.0,312.29,814342,382673,34260,666294,40601,53493.77,0,0,0.9584451231832279,1.1482705793315742
2022-09-12,9523.06,4350.24,441.57,5425.91,319.79,1066491,544082,51099,534872,27308,70711.19,0,0,0.9820047938442458,1.1010233755801553
2022-09-13,9349.31,4387.13,415.81,4826.93,313.81,952172,516429,99679,420593,29806,86296.41,0,0,0.9815653932318841,1.0859653538890885
2022-09-14,9574.82,4428.32,521.84,5372.22,298.86,897867,626670,47241,696486,23667,79705.69,0,0,0.9811272927801299,1.1253619528359287
2022-09-15,9706.42,4395.5,409.3,5250.77,298.73,935018,488541,54145,516049,29966,70203.22,0,0,0.9806908698757876,1.1033558554534824
2022-09-16,9673.28,4285.77,456.17,5055.21,297.0,847128,358623,76470,483009,35939,73143.79,0,0,0.9802565074532341,1.117157120069962
2022-09-17,9677.31,4189.1,400.0,5690.79,292.65,1060059,379748,92265,664511,30571,61449.24,0,0,0.955824593580365,1.1412455868524303
2022-09-18,9708.57,4060.83,400.0,5193.89,297.07,880499,339624,34400,588590,42839,76270.55,0,0,0.9553955210362127,1.1124212229151391
2022-09-19,9402.31,3944.38,400.0,4743.66,289.56,991710,357142,38997,453451,37398,95747.96,0,0,0.9789696868807245,1.110570188151225
2022-09-20,9365.23,3934.97,400.0,4305.17,278.04,815956,504959,41891,556715,23277,84707.28,0,0,0.9785474920171999,1.0097778716906942
2022-09-21,9262.93,3834.77,400.0,4278.02,279.13,824784,410644,31304,399821,23765,95884.18,0,0,0.9781293407478981,0.9779229234588023
2022-09-22,9112.69,3930.25,400.0,4450.67,282.99,1120993,465692,35478,542151,26384,85229.8,0,0,0.9777156403233304,0.9700689187217144
2022-09-23,9070.53,4138.47,400.0,4746.54,271.23,745198,326863,30228,391445,41359,86842.45,0,0,0.9773068004857647,0.9312671340629861
2022-09-24,9340.18,4057.26,400.0,5775.34,280.51,1046158,533399,55444,393532,30217,93432.78,0,0,0.9529032330074765,0.9820295363818639
2022-09-25,9436.31,4090.78,400.0,4875.57,262.8,812346,347047,40278,588944,34808,80738.56,0,0,0.9525053512242837,0.9375570362061654
2022-09-26,9350.63,4160.73,400.0,5119.06,257.02,871076,353026,59114,462493,20806,77515.45,0,0,0.9761135695649148,0.9238731593436882
2022-09-27,9436.52,4226.81,400.0,4896.21,254.44,689987,309447,41923,572890,28807,87377.25,0,0,0.9757283030767601,0.9279387436529946
2022-09-28,9646.42,4237.45,443.91,4661.64,248.08,1009772,461564,46714,385837,31689,90429.26,0,0,0.975349966948564,0.9727574081493845
2022-09-29,9785.11,4341.42,461.85,4413.73,242.43,1052008,380005,41041,590902,24099,75014.55,0,0,0.974978976030621,0.9281070115140078
2022-09-30,9794.06,4408.94,434.13,4050.23,261.14,983225,302743,43021,369507,29948,72576.15,0,0,0.9746157443530372,0.9642774216351682
2022-10-01,9697.02,4235.66,400.0,4724.04,252.63,1032296,483263,35566,572331,19482,78317.14,0,0,0.9502606846426291,0.9645956347957723
2022-10-02,9801.75,4357.35,400.0,5060.96,277.04,844987,628773,35067,527951,32477,84468.36,0,0,0.9499142078390275,0.9340740763478765
2022-10-03,9860.77,4481.57,400.0,5070.23,281.41,1457104,718202,27953,638733,39077,85505.34,0,0,0.9735767226105579,0.948443912195623
2022-10-04,9995.05,4374.71,400.0,5610.64,282.33,1266377,382892,42692,481819,49583,67677.1,0,0,0.9732486348704749,0.9546339871649868
2022-10-05,10090.33,4380.02,400.0,5005.63,287.1,1283040,702635,49273,601202,28888,94888.13,0,0,0.9729303472941161,0.93596929737539
2022-10-06,10247.76,4475.68,400.0,4473.35,312.4,861112,483577,38124,402862,35195,74025.92,0,0,0.9726222588375566,0.9381399032223514
2022-10-07,10167.48,4446.38,400.0,3602.16,302.46,757567,408877,47645,386838,42348,76635.09,0,0,0.972324764258329,0.9261579696399742
2022-10-08,10365.09,4596.6,400.0,3322.39,291.26,1058623,443244,30855,340024,23529,69834.45,0,0,0.9480382536387835,0.9296879704038358
2022-10-09,10394.73,4927.54,466.5,3387.07,283.71,1075796,454114,49452,328985,25030,98911.42,0,0,0.9477631119126527,0.9502779673039766
2022-10-10,10706.02,4817.5,537.5,3428.22,284.03,1055809,461244,60606,404445,28564,79807.3,0,0,0.9714997183953873,0.9995976599033656
2022-10-11,10602.64,4624.16,598.37,3487.95,266.77,860341,368232,66065,334713,20958,71137.75,0,0,0.9712484463188221,0.9611058360617546
2022-10-12,10863.03,4666.69,603.18,2923.53,266.99,1333657,576464,52740,223842,23576,84281.77,0,0,0.9710096623707299,1.027435870694025
2022-10-13,10892.72,4767.71,634.24,3244.79,283.93,1039705,551435,65491,384281,33986,84086.37,0,0,0.970783726239812,0.9667326239066063
2022-10-14,10795.01,4735.39,734.2,3340.64,285.44,903318,560091,84230,270637,36034,76486.52,0,0,0.970570990166674,0.962012627149877
2022-10-15,10722.42,4938.84,627.58,3633.87,282.52,974572,423558,47078,279610,24280,83632.56,0,0,0.9463717985013225,0.9803072779249363
2022-10-16,10674.37,4751.44,599.63,2876.76,276.34,1028442,402637,72352,343794,25604,69583.48,0,0,0.9461864872677161,0.98904516291994
2022-10-17,10738.0,4848.45,537.82,3001.36,285.32,894677,444712,53402,423329,27595,73473.31,0,0,0.9700153837358966,0.9696813399221614
2022-10-18,10816.42,4763.63,568.15,2526.25,277.06,2354705,385189,50259,238237,33353,60831.4,0,0,0.9698588060022116,0.9632094505284154
2022-10-19,10730.37,5004.34,666.57,2367.32,295.53,944928,654683,98937,265836,26349,66430.21,0,0,0.969717062578141,0.9478788094525665
2022-10-20,10726.71,5283.29,618.81,2581.07,314.86,1234112,396214,56458,187889,37090,92087.65,0,0,0.9695904519882207,0.9295515834449337
2022-10-21,11048.05,5175.96,427.59,2617.5,317.43,1742943,396732,54195,259941,32404,90352.79,0,0,0.9694792623775524,0.9559712996990853
2022-10-22,11307.18,5099.02,400.0,2276.89,317.31,1025836,444505,34348,271200,24609,75989.75,0,0,0.9453837711293775,0.9670732589228291
2022-10-23,11372.63,5219.36,467.69,2279.4,327.62,892159,384807,57920,295807,37751,89153.16,0,0,0.945304244493177,0.9455261429720165
2022-10-24,11378.33,5165.17,510.7,1666.78,338.57,1169996,772447,44855,136848,49397,74904.31,0,0,0.9692409372237544,0.9735006189467722
2022-10-25,11396.34,5158.81,544.95,2126.89,330.51,957213,576332,44626,240120,41863,74213.15,0,0,0.9691940922317414,0.9830565818793776
2022-10-26,11488.37,5162.36,522.56,2044.78,325.24,868715,605244,44576,202701,27129,76397.97,0,0,0.969163940245954,1.008333810606536
2022-10-27,11334.95,4893.61,420.23,2492.2,312.02,897474,427652,40012,209224,29689,74781.2,0,0,0.9691506994880155,1.027913111796326
2022-10-28,11296.34,4891.67,461.46,2281.58,316.11,850633,619221,48384,252626,32447,74246.3,0,0,0.9691545753596456,1.0021342053629931
2022-10-29,11046.05,4795.11,400.0,2072.15,322.77,961843,416423,45212,209136,35936,83906.06,0,0,0.9451757601430041,0.9847144930237082
2022-10-30,11105.94,4726.07,569.44,1766.48,309.28,1094087,370932,43999,177235,28191,75471.72,0,0,0.94521443271446,1.0079527654751592
2022-10-31,11203.02,4928.18,615.08,2116.95,304.72,1648455,432661,71513,186242,36706,81341.86,0,0,0.969270758272142,1.0269331908757857
2022-11-01,11130.54,4752.27,568.63,1833.18,291.25,1170665,449706,71744,163947,27447,83644.83,0,0,0.969344888077613,1.0262832228687284
2022-11-02,11366.64,4866.12,519.72,2091.01,282.26,1367249,606426,45868,218731,33062,78483.24,0,0,0.9694369592119906,1.0299317027709425
2022-11-03,11182.77,4827.06,512.28,1938.03,287.77,779728,581133,60930,191367,35074,67053.25,0,0,0.9695470943468251,1.069662706417212
2022-11-04,10963.11,4787.9,493.12,1600.0,280.44,1136283,383055,60880,172853,32142,63675.49,0,0,0.9696754015300235,1.0512668617130643
2022-11-05,10996.78,4898.55,582.47,1600.0,277.43,1073233,423798,81891,227119,29995,74496.19,0,0,0.9458219739870948,1.0682797170539147
2022-11-06,11153.85,4946.16,597.38,1600.0,261.16,1004582,498506,66125,152161,26373,71898.84,0,0,0.9459868899379733,1.0619922178531616
2022-11-07,11406.44,5026.04,538.85,1600.0,263.03,1130783,548444,54792,116073,25120,75227.19,0,0,0.9701702124296574,1.055223077754178
2022-11-08,11337.6,5161.59,690.09,1600.0,262.58,846715,867729,65809,194350,87528,74336.65,0,0,0.9703719891848868,1.0893912757352304
2022-11-09,11499.41,5115.21,694.03,1600.0,255.29,1313512,650931,58309,189261,30448,95304.57,0,0,0.970592252467056,1.1150588980354397
2022-11-10,11493.63,5029.49,755.54,1600.0,253.4,1106304,363854,68351,193739,27494,63362.84,0,0,0.970831018961553,1.1403562623292842
2022-11-11,11467.74,4877.57,706.88,1600.0,255.21,1346759,655668,73494,139748,19616,57596.05,0,0,0.971088289673682,1.1809521833866357
2022-11-12,11600.28,4762.01,735.93,1600.0,247.06,1576135,458814,76631,146830,31513,75247.24,0,0,0.9473640498433197,1.1816053309460994
2022-11-13,11698.13,5174.89,760.82,1600.0,232.3,1332899,430706,69038,165239,22497,69519.68,0,0,0.9476582688764292,1.2028117334061004
2022-11-14,11461.67,5349.14,609.65,1600.0,250.35,1154721,714156,48596,195983,19273,76365.55,0,0,0.9719709002935387,1.1931634996022564
2022-11-15,11683.16,5159.99,770.87,1600.0,244.02,1278049,497616,75188,157098,33092,78599.38,0,0,0.9723018816952723,1.203243963247435
2022-11-16,11890.17,4974.85,874.12,1600.0,243.05,1380145,418905,96463,232871,22530,84424.75,0,0,0.9726511347449993,1.199196959855025
2022-11-17,11796.33,5042.31,842.35,1600.0,253.16,1641260,502973,105106,155538,30154,61763.26,0,0,0.9730185651686517,1.2022132022606056
2022-11-18,11855.71,5118.93,754.16,1600.0,288.45,1205609,325284,106077,136251,32083,69391.12,0,0,0.9734040627717343,1.2207205479861414
2022-11-19,11929.81,5195.77,781.97,1600.0,276.01,1706560,779818,69002,213402,32882,76482.98,0,0,0.9498075014735399,1.195276686253569
2022-11-20,11968.91,5160.08,788.91,1600.0,280.5,1038958,425838,70716,230715,32860,78822.94,0,0,0.9502287393585523,1.2603427663765319
2022-11-21,11886.36,5142.51,817.36,1600.0,273.43,1169356,532660,73275,121591,17705,91809.19,0,0,0.9746676187450107,1.229059070327334
2022-11-22,11785.62,5188.41,832.69,1600.0,268.04,1663485,449453,85468,182305,22931,82065.05,0,0,0.9751239662705786,1.1913019617451504
2022-11-23,11781.79,5200.44,873.18,1600.0,260.84,1255842,477867,68144,130379,21374,73617.52,0,0,0.9755975929950498,1.2273152446407578
2022-11-24,17936.55,7334.61,1483.45,2400.0,374.37,2111253,859489,164248,247627,34083,123533.02,1,1,0.9760882945199977,1.2519332438392465
2022-11-25,18058.86,7286.35,1551.63,2400.0,373.75,1697524,696725,130273,248034,55065,104277.58,0,1,0.976595851125258,1.2713412332179532
2022-11-26,17975.47,7107.55,1425.67,2400.0,351.64,1417523,1131020,143680,220653,32589,102524.56,0,1,0.9531200279221146,1.290880627156057
2022-11-27,18149.1,7144.35,1589.17,2400.0,365.84,2904016,637519,180931,291545,30120,113123.66,0,1,0.9536605750230371,1.290499794452396
2022-11-28,17508.18,7771.25,1786.05,2400.0,366.66,1711446,733392,159682,233804,44212,112342.29,0,1,0.9782172277278051,1.2625982556196047
2022-11-29,17766.65,7848.42,2164.3,2400.0,373.0,1835448,695948,200041,259824,31264,100014.99,0,1,0.9787897067258247,1.2649555178312588
2022-11-30,17375.22,7782.58,2029.48,2400.0,366.01,1531844,642327,189424,326131,32081,107446.06,0,1,0.979377718314438,1.2438981071456505
2022-12-01,11529.11,5317.44,1372.41,1600.0,240.33,1105762,495326,135046,149883,17537,83610.38,0,0,0.9799809546329944,1.2742209921303418
2022-12-02,11361.16,5385.02,1205.85,1600.0,243.21,1337227,523011,121506,168894,26538,78187.4,0,0,0.9805990939124426,1.2696480110772255
2022-12-03,11166.96,5443.83,1250.1,1600.0,231.57,1192810,660830,84599,165188,29670,78477.7,0,0,0.9572318007401815,1.2439778746871124
2022-12-04,11341.08,5528.79,1206.24,1600.0,227.99,1348852,644715,97525,211091,24576,76849.42,0,0,0.9578787263398904,1.2339838754086905
2022-12-05,11270.93,5816.71,1360.12,1600.0,219.39,927495,470095,118833,121370,17045,88131.39,0,0,0.9825395088660409,1.246824629795513
2022-12-06,11322.9,5658.38,1298.15,1600.0,210.49,1127485,439565,126976,136130,33183,76878.82,0,0,0.9832137737127793,1.229294726346827
2022-12-07,11315.86,5724.69,1163.01,1600.0,189.39,819849,601094,96802,134135,32301,71878.23,0,0,0.9839011338368449,1.2037264872553646
2022-12-08,11387.42,5595.0,1125.31,1600.0,202.78,1152727,554399,101968,170410,19922,67478.16,0,0,0.9846011900941809,1.2113043251690845
2022-12-09,11398.94,5672.77,967.27,1600.0,195.92,1328055,692580,96223,244587,21494,76775.39,0,0,0.985313531589874,1.2189219467864716
2022-12-10,11206.49,5544.15,1027.36,1600.0,207.55,1607226,449082,109377,115060,20723,53866.31,0,0,0.9620377360410431,1.203157749761482
2022-12-11,11355.93,5485.72,862.16,1600.0,218.24,1776107,484141,87634,161979,18354,72202.41,0,0,0.962773370152286,1.1885100712506738
2022-12-12,11281.87,5444.41,864.43,1600.0,205.38,1651393,392180,236239,188182,23089,73095.29,0,0,0.9875199900032748,1.1957260297838255
2022-12-13,11048.38,5581.02,698.21,1600.0,194.49,1048806,677033,66999,147689,31099,63854.93,0,0,0.9882771414480778,1.150695564877272
2022-12-14,10984.17,5709.61,672.58,1600.0,220.1,996979,617656,74541,129720,15622,67786.81,0,0,0.9890443605257733,1.106928260526909
2022-12-15,16813.92,8302.81,1206.08,2400.0,356.41,2459032,793548,91471,241112,44520,116811.06,0,1,0.9898211738819055,1.084587105136076
2022-12-16,17005.22,8314.34,1249.36,2400.0,355.94,1442333,736240,124454,191126,45159,113668.8,0,1,0.9906070992003213,1.0779496295421989
2022-12-17,16926.77,8165.33,1145.74,2400.0,359.8,1873700,853341,150319,197271,29474,111302.95,0,1,0.9674016456449146,1.0876177903120106
2022-12-18,16848.19,7901.05,1141.99,2400.0,350.34,1636766,957229,115350,305840,37952,112604.61,0,1,0.968204314310793,1.133496317168614
2022-12-19,16775.82,7855.47,1144.16,2400.0,356.82,1268547,667822,144688,277379,36140,112359.41,0,1,0.9930145986843707,1.1601665948987303
2022-12-20,17243.09,7790.69,1200.87,2400.0,346.06,1462062,680869,109701,201426,31559,121954.91,0,1,0.9938319851118816,1.1551930542323925
2022-12-21,17329.03,8300.3,1036.85,2400.0,315.58,1831252,1016266,97983,524616,25937,112905.79,0,1,0.9946559532757959,1.15460171527645
2022-12-22,17425.79,8391.22,1107.96,2400.0,295.75,2120541,660160,92983,247395,31689,100583.39,0,1,0.9954859766786145,1.1234264846089927
2022-12-23,17657.6,8101.92,783.43,2400.0,296.07,3099799,656537,93063,336213,22705,125320.68,0,1,0.9963215231335086,1.1228507894669864
2022-12-24,17711.33,7983.32,707.84,2400.0,279.1,2068671,777450,70306,265284,48723,113317.74,0,1,0.973162055261261,1.1138744941384793
2022-12-25,11768.7,5465.21,432.83,1600.0,185.4,1228755,537957,59537,170170,16094,94311.03,1,0,0.9740070309929599,1.1239099364048954
2022-12-26,11739.24,5757.59,483.5,1600.0,174.65,1462717,518323,42401,172349,20989,66519.54,0,0,0.9988559040778907,1.0981858864267495
2022-12-27,11728.5,5535.55,485.31,1600.0,166.83,1204469,668820,43968,179867,13090,79285.21,0,0,0.9997081245960618,1.1143357848226512
2022-12-28,11722.92,5272.36,400.0,1600.0,175.36,1154546,524088,36391,204978,17051,74356.08,0,0,1.0005631394747978,1.161998717053176
2022-12-29,11832.06,5534.3,400.0,1600.0,177.83,1238922,971742,39987,109711,20549,88111.52,0,0,1.0014203930088281,1.1586166488213947
2022-12-30,11839.86,5588.84,400.0,1600.0,177.74,1360904,475528,36936,116491,15693,72439.83,0,0,1.0022793273832944,1.1711085079529029
2022-12-31,11949.75,5467.28,400.0,1600.0,186.53,1155983,795008,30283,208445,15826,67123.91,0,0,0.9791393831990974,1.1925696231025091
2023-01-01,11937.64,5542.13,400.0,1600.0,191.33,1096819,426094,42419,121541,16956,103581.27,1,0,0.98,1.1800930401706309
2023-01-02,11949.44,5173.13,400.0,1600.0,205.8,1528217,553882,38921,173893,25917,82659.14,0,0,1.0048606168009024,1.1870615490818952
2023-01-03,11649.71,5173.6,400.0,1600.0,201.2,908582,540230,51100,155970,22276,76442.93,0,0,1.0057206726167056,1.187453129630931
2023-01-04,11787.16,5219.49,400.0,1600.0,196.9,1202425,596887,48406,162051,19706,80580.81,0,0,1.0065796069911719,1.1904905218613893
2023-01-05,11839.13,5348.89,400.0,1600.0,183.89,1179467,567587,39233,184321,18542,75035.01,0,0,1.0074368605252022,1.1664525643013115
2023-01-06,11988.83,5206.95,400.0,1600.0,179.6,1050139,405618,32766,133693,15618,77254.88,0,0,1.0082918754039383,1.1672147468000738
2023-01-07,11554.4,5218.94,400.0,1600.0,189.25,1103948,1038723,42161,156071,31699,83509.58,0,0,0.9851440959221093,1.182700788555255
2023-01-08,11867.65,5089.38,400.0,1600.0,202.25,996756,405402,41981,176856,18957,78837.33,0,0,0.98599296900704,1.2278263861690073
2023-01-09,11846.71,5125.14,400.0,1600.0,211.85,1120336,480059,43543,216485,22490,73399.12,0,0,1.010837944738739,1.2576564244009276
2023-01-10,12012.94,4999.79,400.0,1600.0,193.91,1368977,659085,44790,194818,23298,85231.48,0,0,1.0116784768664913,1.3246130265213019
2023-01-11,11856.95,4942.65,400.0,1600.0,204.74,1105749,629688,37772,238193,24045,55226.33,0,0,1.0125140233213854,1.3007511446463615
2023-01-12,11948.87,4803.24,400.0,1600.0,186.36,1549277,359718,57098,159610,19471,90839.75,0,0,1.013344046724204,1.3278773296988815
2023-01-13,11790.86,4894.4,400.0,1600.0,195.34,1154030,603577,31842,210342,65113,60317.26,0,0,1.0141680148881183,1.3335786383303672
2023-01-14,11697.29,5014.58,400.0,1600.0,191.66,1177555,651812,46141,168975,22293,67466.19,0,0,0.9909854013156293,1.4016740118598987
2023-01-15,11984.4,4981.74,400.0,1600.0,198.69,1250489,405856,34953,125587,24088,72516.99,0,0,0.9917956856892071,1.3765387027279203
2023-01-16,11955.8,4987.09,400.0,1600.0,185.36,1227126,467082,53619,129047,16751,73038.58,0,0,1.0165983543550854,1.350426228570173
2023-01-17,11988.41,4784.29,400.0,1600.0,197.07,1922359,588897,35281,161040,23492,82538.35,0,0,1.0173929007996787,1.3317871695648082
2023-01-18,12118.92,4742.33,400.0,1600.0,182.42,1361286,454540,35261,162836,19062,66268.19,0,0,1.0181788261180944,1.265741284571798
2023-01-19,12193.27,4735.3,400.0,1600.0,175.74,1197098,595748,37146,116281,13431,77131.96,0,0,1.0189556394742267,1.2493921035366935
2023-01-20,12215.84,5102.21,400.0,1600.0,165.76,1183738,418158,49930,144908,13826,70671.67,0,0,1.0197228585519222,1.2257856769661488
2023-01-21,12270.58,4946.54,400.0,1600.0,148.22,1544509,408038,38099,171226,12556,76542.19,0,0,0.9964800099967251,1.2304624087904001
2023-01-22,12631.09,5151.52,400.0,1600.0,149.16,1007954,465611,52398,223840,16573,73717.45,0,0,0.9972266298477139,1.2410898494945275
2023-01-23,12622.45,5291.08,400.0,1600.0,167.22,1526728,493418,42130,148316,15084,75902.39,0,0,1.021962263958957,1.2994323387494366
2023-01-24,12652.61,5330.37,400.0,1600.0,193.89,1059779,394189,33171,137237,20341,70607.67,0,0,1.022686468410126,1.3289872659490052
2023-01-25,12810.21,5576.58,400.0,1600.0,194.86,1180187,557693,34502,183136,20282,71248.71,0,0,1.023398809905819,1.3110475375255168
2023-01-26,12976.04,5628.67,400.0,1600.0,206.03,1490207,737099,39879,151194,19043,78092.57,0,0,1.0240988661631552,1.2831099173397662
2023-01-27,13154.1,5683.16,400.0,1600.0,208.35,970737,521441,49687,172547,23660,83425.14,0,0,1.0247862262872207,1.2984069192854402
2023-01-28,13249.91,5675.72,400.0,1600.0,213.34,1740494,400486,35426,166114,16428,70135.54,0,0,1.001460491133959,1.25735218691002
2023-01-29,13078.45,5847.02,400.0,1600.0,209.92,1104757,733584,39846,318449,21686,67572.87,0,0,1.0021212736601097,1.31430428377361
2023-01-30,13323.47,6000.52,400.0,1600.0,211.87,1110181,646812,74636,167426,18855,80626.01,0,0,1.0267681992598183,1.3509808332283222
2023-01-31,13151.52,5912.93,400.0,1600.0,217.24,1518869,545831,34586,134018,16826,75513.64,0,0,1.0274009060875573,1.336391076864225
2023-02-01,13196.91,5728.23,400.0,1600.0,211.46,1032224,579066,40195,183125,17529,82896.53,0,0,1.0280190453670055,1.283118458632151
2023-02-02,13083.77,5699.82,400.0,1600.0,210.68,1377253,709339,32245,158337,29334,68441.47,0,0,1.028622281685562,1.3252192539282102
2023-02-03,13074.15,5587.81,400.0,1600.0,210.1,1236047,456382,51220,188499,19293,61342.64,0,0,1.0292102932741753,1.3216574569152566
2023-02-04,13123.46,5578.92,400.0,1600.0,218.36,1247401,381072,109691,149241,18661,70042.15,0,0,1.005782772272195,1.360149306042943
2023-02-05,13171.67,5752.16,400.0,1600.0,207.7,1353525,553504,37885,167242,17626,68599.14,0,0,1.0063394249769628,1.3105680650351585
2023-02-06,13234.96,5688.14,400.0,1600.0,207.19,1138822,694364,37796,197008,26653,75524.13,0,0,1.0308799720778854,1.2919295540289029
2023-02-07,13477.01,5682.14,400.0,1600.0,226.31,1163117,823251,60435,126331,26054,71096.46,0,0,1.0314041488747419,1.2920926151361696
2023-02-08,13545.04,5690.27,400.0,1600.0,237.95,2082912,541108,49733,134932,19847,82360.78,0,0,1.0319117054800024,1.2935535507448128
2023-02-09,13508.42,5809.05,400.0,1600.0,251.44,1071359,475849,25789,182021,29663,74212.69,0,0,1.0324024070049502,1.2795580555665818
2023-02-10,13653.03,5494.48,400.0,1600.0,251.68,2045393,501764,42604,145513,26773,77575.99,0,0,1.0328760337294214,1.2989265558789478
2023-02-11,13831.45,5409.54,400.0,1600.0,254.89,1146403,541215,34898,144472,19381,76731.4,0,0,1.0093323812549893,1.2657272159640351
2023-02-12,13647.31,5439.12,400.0,1600.0,264.92,1113756,616579,45984,141786,26747,77090.6,0,0,1.0097712606414477,1.2612997014747651
2023-02-13,13736.92,5607.13,400.0,1600.0,280.52,1757074,717422,68736,242003,32823,76570.69,0,0,1.0341924985264601,1.2650404837392932
2023-02-14,13842.1,5538.27,400.0,1600.0,261.0,1508121,474593,41410,133187,31657,80784.03,0,0,1.0345959372282656,1.2810377700849889
2023-02-15,13797.46,5275.55,400.0,1600.0,247.85,1771497,446039,42244,180575,23238,69888.7,0,0,1.0349814348313484,1.3031665562865087
2023-02-16,14003.82,5362.31,400.0,1600.0,260.94,1463280,776186,43477,172333,35581,88070.02,0,0,1.0353488652550007,1.2681940379064172
2023-02-17,13981.31,5273.36,400.0,1600.0,258.17,1489920,400113,40939,104741,27161,75146.1,0,0,1.0356981183047278,1.2204883398691568
2023-02-18,14000.15,5106.81,400.0,1600.0,251.46,1211157,458086,37992,150890,23575,64865.32,0,0,1.0120290997064614,1.2602197143766158
2023-02-19,13974.19,5019.4,400.0,1600.0,238.91,1107251,392165,41238,173397,18964,76896.05,0,0,1.0123417311235707,1.2705535423350964
2023-02-20,13976.52,4993.56,400.0,1600.0,233.36,1092653,682578,53533,286256,20588,69775.95,0,0,1.0366359501566802,1.2472781738005627
2023-02-21,13812.08,4908.9,400.0,1600.0,219.34,1556175,675380,36455,125200,25588,81630.58,0,0,1.036911710326318,1.2955136892307437
2023-02-22,13596.08,4600.12,400.0,1600.0,240.25,1418984,474138,65560,218891,19443,94016.96,0,0,1.037168981038447,1.2991107742974306
2023-02-23,13835.25,4725.71,400.0,1600.0,240.03,2085782,429393,67805,200172,25532,69434.1,0,0,1.037407747532944,1.3357828789114983
2023-02-24,13708.21,4904.19,400.0,1600.0,239.45,1634213,360795,34848,171356,31805,78584.18,0,0,1.0376280108151132,1.3378824725059832
2023-02-25,13559.5,4995.41,400.0,1600.0,245.33,1136617,437727,36317,124680,25407,60024.03,0,0,1.0138297875703426,1.4019646771493255
2023-02-26,13236.49,4836.13,400.0,1600.0,254.95,1000402,508283,40464,138570,19800,77473.48,0,0,1.0140131100620267,1.4565497672159349
2023-02-27,13140.65,4807.92,400.0,1600.0,264.41,1744804,604978,55485,165215,25595,67761.56,0,0,1.0381780260129052,1.4488078346296847
2023-02-28,12942.18,4807.01,400.0,1600.0,275.15,1468188,385795,46597,150708,27446,69619.06,0,0,1.0383245984699765,1.4790203646304847
2023-03-01,13188.48,4890.84,400.0,1600.0,268.84,1325850,606008,42219,181834,20252,65638.97,0,0,1.0384529056531748,1.4990893469518305
2023-03-02,13339.96,4984.41,400.0,1600.0,265.86,1263215,375985,58753,155653,37249,80274.93,0,0,1.0385630407880095,1.5416491023164496
2023-03-03,13236.73,4881.62,400.0,1600.0,273.55,1579413,517602,46938,157687,36823,82733.87,0,0,1.038655111922387,1.5116432865058638
2023-03-04,13574.6,4893.1,400.0,1600.0,268.28,1251332,371219,35384,134031,39637,73478.15,0,0,1.014729241727858,1.5329771379316761
2023-03-05,13721.86,4957.12,400.0,1600.0,268.23,1515839,436448,31117,134067,24962,66078.55,0,0,1.01478556728554,1.5658905155199145
2023-03-06,13673.14,5160.94,400.0,1600.0,272.21,1371278,530632,43663,145614,26344,87681.58,0,0,1.038824239856996,1.5111997392621894
2023-03-07,13298.23,5259.57,400.0,1600.0,280.07,1198841,586926,34743,172501,21403,68991.89,0,0,1.0388454246403545,1.4744044508918435
2023-03-08,13641.87,5370.03,400.0,1600.0,262.29,1362437,576296,64810,139329,25011,58082.69,0,0,1.0388493005119845,1.4109913123159572
2023-03-09,13433.43,5381.77,400.0,1600.0,269.44,1471798,495713,35339,162998,29313,79448.82,0,0,1.038836059754046,1.4026136821901476
2023-03-10,13186.62,5579.23,400.0,1600.0,267.1,1348218,549445,47664,204181,26700,66602.89,0,0,1.0388059077682588,1.4249267895435351
2023-03-11,13340.01,5636.6,400.0,1600.0,274.17,1358000,639623,37684,174037,26787,82155.56,0,0,1.0147590627762457,1.4716449499246984
2023-03-12,13705.97,5516.05,400.0,1600.0,281.94,1480130,570504,42085,157340,42356,71051.17,0,0,1.014695755506823,1.4739490439017118
2023-03-13,13913.61,5712.52,400.0,1600.0,298.02,1467308,562414,31643,135359,19326,79933.95,0,0,1.0386162288706224,1.524593411131927
2023-03-14,13998.2,5810.23,400.0,1600.0,311.56,1060687,1011789,48478,166097,28221,86861.24,0,0,1.0385207376224475,1.4816769811280168
2023-03-15,14087.41,5748.2,400.0,1600.0,325.02,1266644,526569,35539,211037,31192,66117.36,0,0,1.0384095480117794,1.428707619496422
2023-03-16,14215.43,5681.07,400.0,1600.0,339.46,1510826,706552,42368,158205,30227,71378.54,0,0,1.038282937421859,1.4269802762511954
2023-03-17,14329.26,5722.59,400.0,1600.0,342.37,1257625,743838,41308,156450,29983,75300.89,0,0,1.0381411939977883,1.4389233967067334
2023-03-18,14371.44,5787.44,400.0,1600.0,342.69,1539958,873535,41527,154266,35261,87300.75,0,0,1.0139846162641033,1.4379067019849623
2023-03-19,14387.07,5815.06,400.0,1600.0,351.42,1165299,906872,48143,135138,40220,69997.25,0,0,1.0138135127322838,1.3736163314144796
2023-03-20,14377.68,5858.64,400.0,1600.0,358.74,1338794,803753,40113,132914,32034,71719.92,0,0,1.0376282014986775,1.3708450033248452
2023-03-21,14264.59,6096.64,400.0,1600.0,355.65,1457743,710402,40508,181579,33018,80812.72,0,0,1.0374290098333259,1.3302804682485148
2023-03-22,14222.49,6246.65,400.0,1600.0,359.7,1305362,449189,38159,182488,42923,72130.92,0,0,1.037216273760188,1.351104991616948
2023-03-23,13968.55,6273.34,400.0,1600.0,359.35,2036751,701070,39335,202030,27991,77946.8,0,0,1.0369903376292702,1.3625049418702588
2023-03-24,13953.79,6405.13,400.0,1600.0,350.81,1801311,618524,34495,140380,33137,64342.02,0,0,1.0367515536811778,1.3332778985815852
2023-03-25,13805.51,6260.57,400.0,1600.0,363.72,1813614,579631,33764,124054,31739,93848.07,0,0,1.0125002816046127,1.317298396887753
2023-03-26,13639.97,6316.28,400.0,1600.0,364.27,1326086,615494,50641,170761,28494,65132.69,0,0,1.0122368880873474,1.284360483011377
2023-03-27,13666.95,6569.58,400.0,1600.0,384.75,1014996,667294,34079,168118,38308,74737.42,0,0,1.0359617463612165,1.2824113776939234
2023-03-28,13875.75,6539.06,400.0,1600.0,368.5,959423,859338,52443,123709,34653,76855.13,0,0,1.035675235741671,1.312113033537824
2023-03-29,14013.5,6420.39,400.0,1600.0,362.93,1242761,497633,35792,145308,31233,92873.94,0,0,1.0353777411624434,1.2814603285364763
2023-03-30,13777.92,6329.1,400.0,1600.0,363.26,1252346,464883,35589,147161,42485,66374.6,0,0,1.0350696527058838,1.2971344493579386
2023-03-31,13629.48,6176.55,400.0,1600.0,374.63,2130310,930949,64753,210024,37063,93295.6,0,0,1.034751365129525,1.2806452529822199
2023-04-01,13770.6,6066.68,400.0,1600.0,378.63,1544715,762918,39270,140877,36935,82306.12,0,0,1.010423277389442,1.255989622626027
2023-04-02,13623.22,6014.81,400.0,1600.0,381.73,1617109,637137,44135,196518,47198,79507.19,0,0,1.0100857921609725,1.2526613448940227
2023-04-03,13589.53,5818.03,400.0,1839.8,370.46,1551616,720863,47156,237948,25313,69621.37,0,0,1.0337393153573708,1.2204688532458625
2023-04-04,13672.04,5820.22,400.0,1949.05,358.89,1414781,528537,31492,209430,49947,82547.11,0,0,1.0333842556469628,1.2032522554963176
2023-04-05,13526.78,5946.54,400.0,1600.0,362.11,1493712,696034,46016,181233,48909,72170.09,0,0,1.0330210239693791,1.166002354465841
2023-04-06,13542.59,5819.45,400.0,1600.0,348.47,2241631,406099,47691,167420,27594,87677.05,0,0,1.0326500330514359,1.2270985790526865
2023-04-07,13342.49,6032.15,400.0,1600.0,343.15,1160638,487206,39403,224781,30031,69431.33,0,0,1.03227169692324,1.2281951547796925
2023-04-08,13252.28,6103.66,400.0,1600.0,348.16,1687218,585475,35177,134255,43805,75365.04,0,0,1.0078864304350852,1.2064360872800053
2023-04-09,13300.25,6247.94,400.0,1600.0,338.34,1269290,518331,41166,130555,30170,71720.54,0,0,1.0074946487757164,1.213090129855358
2023-04-10,13061.3,6155.85,400.0,1600.0,354.39,923180,504090,32434,262067,27397,69353.73,0,0,1.0310967669925235,1.2095971121113815
2023-04-11,13127.37,6275.48,400.0,1600.0,366.63,1608504,707327,36160,133814,36887,83476.89,0,0,1.0306931995142352,1.2027257141464625
2023-04-12,13124.42,6122.61,400.0,1600.0,350.92,2657075,731707,70877,190955,23090,81564.12,0,0,1.0302843596766695,1.221824195664799
2023-04-13,13207.3,6247.24,400.0,1600.0,341.6,1400860,615111,44737,136589,52137,86848.71,0,0,1.0298706592521019,1.2453800918071867
2023-04-14,13240.89,6271.3,400.0,1600.0,318.74,1085148,534945,45064,162221,27990,62661.11,0,0,1.0294525079828,1.2288833225059863
2023-04-15,13445.51,6348.76,400.0,1600.0,310.91,966142,617696,36501,159084,25210,84755.98,0,0,1.0050303131192755,1.2109773467731828
2023-04-16,13464.29,6184.17,400.0,1600.0,318.58,1785502,903326,84204,166151,27038,96495.27,0,0,1.0046044789637874,1.2024241807446985
2023-04-17,13399.88,6058.86,400.0,1600.0,314.44,1218902,721779,26494,128780,32784,74129.38,0,0,1.0281754064196351,1.1308423140979693
2023-04-18,13418.22,6142.48,400.0,1600.0,319.04,1479509,623472,36160,212743,33872,93563.56,0,0,1.027743492546766,1.0837250599451447
2023-04-19,13499.72,6009.71,400.0,1600.0,303.82,1379197,610205,38843,142657,27903,75619.74,0,0,1.0273091301242123,1.12623016960484
2023-04-20,13507.05,6074.56,400.0,1600.37,311.8,883467,435605,32354,131149,26807,66212.52,0,0,1.0268727072198702,1.1773830332692867
2023-04-21,13513.14,5883.16,400.0,1600.0,306.25,1932088,813937,27234,139950,27332,74851.1,0,0,1.0264346067681158,1.1696388651166811
2023-04-22,13407.84,6001.9,400.0,1600.0,306.37,1276028,545073,34067,109220,25362,84514.58,0,0,1.0019952061557542,1.1875678125871485
2023-04-23,13308.4,5829.35,400.0,1600.0,305.44,1217003,449164,33620,178929,38361,69019.32,0,0,1.0015548768167721,1.1972466267001713
2023-04-24,13098.01,5906.67,400.0,1600.0,292.73,1076115,406155,38981,134289,30670,71299.59,0,0,1.0251139838363692,1.2929892780247803
2023-04-25,13360.45,5994.26,400.0,1600.0,281.2,1310366,652173,41165,163468,34630,80735.53,0,0,1.024672885564721,1.3278042244439114
2023-04-26,13173.87,5896.71,400.0,1600.0,290.87,1240933,536901,44207,128341,31522,75922.74,0,0,1.0242319332409169,1.3238264253274943
2023-04-27,13069.93,5978.19,400.0,1600.0,294.86,1418070,536665,47917,160246,24510,80863.98,0,0,1.0237914706275064,1.2941123893116373
2023-04-28,12962.17,6014.66,400.0,1600.0,305.36,1230011,578835,46372,173456,29891,78428.86,0,0,1.02335183365607,1.244157409083192
2023-04-29,13096.41,5939.22,400.0,1600.0,308.61,1406158,605900,54803,126862,20285,79151.22,0,0,0.9989133500842211,1.2504844315169854
2023-04-30,13052.17,5798.02,400.0,1600.0,310.04,1160900,533301,40616,177445,29850,71850.39,0,0,0.9984763391644257,1.2269645130173812
2023-05-01,13239.33,5523.25,400.0,1600.0,292.78,1429613,1119085,60326,223011,28933,78625.99,0,0,1.0220411113250196,1.1827372923210846
2023-05-02,13138.31,5572.2,400.0,1600.0,290.08,1221691,490332,38529,178446,28405,69315.68,0,0,1.0216079678637815,1.162631089430094
2023-05-03,13180.15,5353.13,400.0,1600.0,289.8,1325775,522137,40293,142373,33218,87474.16,0,0,1.0211772006544042,1.128998649643367
2023-05-04,13054.85,5366.48,400.0,1600.0,309.33,1065520,561638,38858,125156,31295,71422.3,0,0,1.0207490918661999,1.1814629778688652
2023-05-05,13376.63,5329.6,400.0,1600.0,316.2,1351555,378154,44664,156521,25801,85549.84,0,0,1.020323913697345,1.208878955652648
2023-05-06,13198.49,5424.68,404.07,1600.0,331.56,2045029,627121,25014,126618,32418,73341.91,0,0,0.9959019281219652,1.2086310338053272
2023-05-07,13244.96,5382.39,535.14,1600.0,337.54,1057579,585434,42070,219670,40121,76679.27,0,0,0.9954833866513375,1.2546522293256364
2023-05-08,13340.03,5336.27,565.64,1600.0,330.43,1629110,381622,75309,175564,40544,72200.43,0,0,1.0190685301094733,1.2570581187911651
2023-05-09,13402.09,5438.73,590.57,1600.0,331.6,1541806,652448,56429,169800,36441,68248.71,0,0,1.018657588423324,1.2302751290915608
2023-05-10,13374.3,5485.64,469.06,1600.0,333.96,1518310,616380,53400,163752,32910,61837.78,0,0,1.018250780427837,1.2776390728511475
2023-05-11,13354.83,5529.9,400.0,1600.0,324.57,1047530,569743,50182,157353,26202,67180.25,0,0,1.0178483136860708,1.2943973300289295
2023-05-12,13361.4,5595.6,400.0,1600.0,320.73,2332381,479015,54646,140575,43821,73353.35,0,0,1.0174503843245564,1.262142526069404
2023-05-13,13339.35,5380.62,400.0,1600.0,318.67,819597,516592,36817,175624,34044,76481.8,0,0,0.993057176884078,1.2562236448839745
2023-05-14,13483.93,5486.57,400.0,1600.0,334.72,1113260,739953,46311,155671,32533,83224.59,0,0,0.9926688641860257,1.2289949152439525
2023-05-15,13815.51,5572.31,400.0,1600.0,313.92,1322504,623604,33513,161457,49572,72946.03,0,0,1.0162856072144508,1.185994578196184
2023-05-16,13731.89,5429.98,400.0,1600.0,325.97,1388432,618076,33368,196362,39119,69147.06,0,0,1.0159075550139407,1.214795528773577
2023-05-17,13526.42,5395.81,400.0,1738.32,316.61,1279565,548045,31378,177875,36643,64159.05,0,0,1.0155348446034054,1.27417184861678
2023-05-18,13513.17,5390.3,400.0,2153.76,302.89,1223771,496725,48221,221747,36023,80451.09,0,0,1.0151676009058535,1.2306811856439406
2023-05-19,13900.13,5371.47,400.0,2191.02,314.69,1231143,495687,36527,226583,30305,87951.45,0,0,1.0148059366942126,1.2481876013476358
2023-05-20,13779.58,5418.21,400.0,1986.63,322.0,1240151,840297,35508,197409,33269,86002.0,0,0,0.9904499525532289,1.2279548451911435
2023-05-21,14025.45,5618.6,400.0,1600.0,334.55,1377859,463280,44191,157615,37635,81423.32,0,0,0.9900997368574664,1.2128069136307302
2023-05-22,14277.1,5770.05,400.0,1600.0,342.56,1486374,549260,47301,175143,31555,82103.98,0,0,1.013755365765399,1.1943854908918372
2023-05-23,14194.06,5586.34,400.0,1600.0,363.15,1463690,437490,30259,127536,27008,90789.51,0,0,1.013416903229576,1.1675183361835526
2023-05-24,14279.41,5673.43,400.0,1600.0,368.74,1485862,521053,38259,208849,27770,79645.66,0,0,1.0130844010228184,1.1690271926788305
2023-05-25,14523.67,5859.48,400.0,1600.0,367.18,1183911,480181,35486,186958,59660,82451.07,0,0,1.0127578987803847,1.1431874891589007
2023-05-26,14466.8,5913.63,400.0,1600.0,370.61,1293167,540893,47871,102828,33226,74542.53,0,0,1.0124374240580247,1.1515977704201592
2023-05-27,14436.26,6066.37,400.0,1600.0,383.04,3504609,477951,52900,201918,39718,64966.37,0,0,0.9881229924058227,1.1500355372271798
2023-05-28,14349.01,6348.09,400.0,1600.0,375.25,1268499,574774,45141,219404,36395,70595.6,0,0,0.9878146074577108,1.1426050711068283
2023-05-29,14196.8,6491.41,400.0,1600.0,368.73,1366460,662107,41017,139507,40064,77498.76,0,0,1.0115122610365133,1.1143829486358612
2023-05-30,14099.41,6526.31,400.0,1600.0,365.64,1415236,448702,50816,273703,35724,78191.98,0,0,1.0112159332743662,1.0964473350697288
2023-05-31,13915.82,6672.62,400.0,1600.0,344.59,1508823,566529,40079,167901,33447,93126.57,0,0,1.0109255927483356,1.1199374157994828
2023-06-01,13920.93,6692.91,400.0,1600.0,345.97,1136567,600396,60396,111953,39128,78008.02,0,0,1.010641196631042,1.1355142252380033
2023-06-02,13805.43,6696.26,400.0,1600.0,327.11,1160603,899141,51547,231544,39856,87099.31,0,0,1.0103626908560772,1.105115604188347
2023-06-03,13840.5,6647.06,400.0,1600.0,327.64,1637107,895421,35268,265073,35994,72745.04,0,0,0.9860900102979854,1.108204498782078
2023-06-04,13607.12,6865.94,400.0,1600.0,336.3,1258275,648621,35690,228518,32125,73592.64,0,0,0.9858230789665579,1.1315700656352101
2023-06-05,13656.75,6751.36,400.0,1600.0,331.53,1695082,656042,43402,135631,29606,66876.72,0,0,1.0095618102151802,1.0796572772898707
2023-06-06,13781.78,6965.89,400.0,1600.0,348.3,1903360,794127,50223,130617,29752,71599.25,0,0,1.009306106962947,1.0965539188551563
2023-06-07,13482.72,7035.87,400.0,1600.0,333.69,1541487,684292,50345,178277,37029,82034.05,0,0,1.0090558619302472,1.075948588717682
2023-06-08,13538.83,6839.97,400.0,1600.0,345.61,1154718,519074,43227,140765,32704,77630.66,0,0,1.008810957887503,1.0936922536310407
2023-06-09,13722.98,6891.44,400.0,1600.0,352.36,1152586,605000,35433,125191,29548,85443.16,0,0,1.008571267916735,1.0699575071951013
2023-06-10,13541.53,6597.43,400.0,1600.0,335.2,1228126,854813,33737,117866,27183,78353.41,0,0,0.9843366556856025,1.01383185362274
2023-06-11,13792.42,6685.0,400.0,1851.96,362.31,1204558,683749,44410,194793,36662,74686.46,0,0,0.9841069757335635,0.9632208563673985
2023-06-12,13855.27,6808.94,400.0,1600.0,361.67,1255876,811547,51995,296458,37839,96159.48,0,0,1.0078820737697722,0.9647161335699197
2023-06-13,13749.52,6726.01,400.0,1600.0,352.89,1577315,729138,37966,191428,33990,77783.92,0,0,1.0076617869823272,0.9727926141063492
2023-06-14,13741.15,6743.3,400.0,1600.0,338.82,1264852,735144,47887,174932,44000,88143.2,0,0,1.0074459443584671,0.9446714633665585
2023-06-15,13824.9,7016.88,400.0,1720.1,336.62,1191718,775800,44625,181405,35018,75438.69,0,0,1.0072343670152935,0.9645295023498612
2023-06-16,13836.3,6946.08,400.0,1600.0,335.35,1202259,927414,31619,166246,29188,84811.18,0,0,1.0070268685405934,0.9128619173125329
2023-06-17,13917.11,6797.83,400.0,1600.0,336.37,1124358,697594,34322,130743,29810,85323.41,0,0,0.9828232553433192,0.910807061826047
2023-06-18,13779.01,7005.27,400.0,1600.0,333.4,1206927,788989,38775,127502,35245,79766.8,0,0,0.9826233270132702,0.8731486044268848
2023-06-19,13804.42,7280.03,400.0,1600.0,339.73,1289783,1757993,53647,165689,32555,60399.29,0,0,1.0064268766895144,0.852878733304006
2023-06-20,13592.36,7280.55,400.0,1600.0,335.85,1119607,516133,38377,131180,40218,79633.0,0,0,1.0062336914370706,0.8543526696930455
2023-06-21,13575.68,7422.15,400.0,1600.0,316.5,1364807,609495,32989,149319,27746,89669.77,0,0,1.0060435526313711,0.8275967600127527
2023-06-22,13440.09,7609.96,400.0,1600.0,315.01,1631821,822929,43249,157962,31999,84069.56,0,0,1.0058562363500032,0.8156383992717229
2023-06-23,13329.76,7506.01,400.0,1600.0,291.33,1377915,747786,31491,135443,30835,83066.73,0,0,1.0056715137712318,0.8469306601798087
2023-06-24,13515.17,7438.07,400.0,1852.59,294.87,1588116,971447,31783,182620,31787,64581.86,0,0,0.9814891515787901,0.8289912982648963
2023-06-25,13678.87,7610.39,400.0,1782.14,285.08,1581438,568302,30013,126253,28871,72630.51,0,0,0.9813089123724156,0.8549784616134908
2023-06-26,13770.24,7846.29,400.0,1815.34,286.71,1418010,568795,37699,254850,31492,83477.56,0,0,1.0051305550836092,0.8198484464510096
2023-06-27,13606.4,7925.09,400.0,1762.97,299.85,1616891,768428,35795,196548,26497,83380.05,0,0,1.0049538353960836,0.8363235423810511
2023-06-28,13558.93,7801.92,400.0,2214.26,290.37,1444887,647620,31181,227175,31529,89866.9,0,0,1.0047785061703611,0.881151390678756
2023-06-29,13740.9,8080.11,400.0,1863.93,300.98,2211718,780644,36715,171334,22826,79462.57,0,0,1.0046043178719803,0.8042917094191869
2023-06-30,13762.16,8005.77,400.0,1600.0,296.64,1319910,1092707,44457,127633,22942,83874.53,0,0,1.0044310190027614,0.779510995473646
2023-07-01,14110.06,7958.85,400.0,1945.72,314.18,1410665,867322,43942,195526,38235,79546.97,0,0,0.9802583565345815,0.7974559627845168
2023-07-02,14169.05,8006.78,400.0,1927.97,310.52,1693683,780095,38178,269438,30626,71536.07,0,0,0.9800860763451023,0.7911419464882061
2023-07-03,14197.86,8224.36,400.0,2479.36,302.12,1254395,904680,53917,212183,34732,62874.79,0,0,1.0039139236548977,0.8026833123790752
2023-07-04,14151.49,8343.92,400.0,2210.75,308.99,1191691,872549,41180,192074,33059,109403.49,1,0,1.0037416434654185,0.7839014410646169
2023-07-05,14171.52,8402.0,400.0,2188.84,304.63,2088692,855845,32805,357871,21752,82891.91,0,0,1.0035689809972386,0.7865940869791722
2023-07-06,14148.65,8466.86,400.0,1819.88,296.22,1669546,860607,71206,182126,31564,76224.18,0,0,1.0033956821280197,0.7817530579837039
2023-07-07,14254.87,8472.95,400.0,1822.82,291.44,1684631,838531,30607,267287,27186,67645.01,0,0,1.0032214938296389,0.8180670817177776
2023-07-08,14398.38,8551.09,400.0,1600.0,291.0,1773157,1085331,32667,184530,26257,84385.97,0,0,0.9790461646039165,0.8259786988297511
2023-07-09,14280.48,8196.95,400.0,1600.0,304.42,1224851,956921,44051,195256,38058,76791.91,0,0,0.9788694449163908,0.8364769856983302
2023-07-10,14080.79,8155.43,400.0,1600.0,285.08,1464865,1097512,36079,137711,34389,84581.37,0,0,1.0026910876275845,0.8236690222825959
2023-07-11,13805.36,8189.21,400.0,1600.0,285.31,1457650,684967,39975,156347,37600,95186.22,0,0,1.0025108484212097,0.8085061382349652
2023-07-12,13881.56,8028.07,400.0,1600.0,291.56,2316576,1386851,32103,215377,35434,62668.47,0,0,1.0023284862287682,0.795055059635142
2023-07-13,13716.05,8082.16,400.0,1600.0,293.49,1216951,656703,33430,136053,68255,74228.52,0,0,1.0021437636499968,0.8073211706935037
2023-07-14,13393.12,8053.53,400.0,1600.0,306.59,1780649,630527,55557,224329,27648,78246.8,0,0,1.0019564473686289,0.794229994754001
2023-07-15,13451.41,8299.3,400.0,1866.47,305.85,1329208,883314,35796,175087,21678,90724.21,0,0,0.9777663085629293,0.8032410006397376
2023-07-16,13825.36,8519.52,400.0,1884.87,304.0,1309870,1777223,41716,225141,29527,65362.88,0,0,0.9775731233104857,0.8677788594869661
2023-07-17,13824.45,8454.31,400.0,1628.43,309.92,1086715,911282,39348,175692,43240,95283.27,0,0,1.0013766729867297,0.8948678551089694
2023-07-18,13950.22,8433.19,400.0,2758.16,310.92,1889670,854285,46818,250547,35678,81578.93,0,0,1.0011767446566808,0.8847296395345821
2023-07-19,13962.5,8422.84,400.0,2230.57,307.01,3525014,1055652,29638,201991,33804,79460.55,0,0,1.0009731314594066,0.9220832796625709
2023-07-20,13947.66,8359.61,400.0,2238.61,312.17,1345300,931997,33112,176631,39194,78766.51,0,0,1.0007656329847066,0.9093935327759531
2023-07-21,14085.52,8386.91,400.0,2310.46,305.65,1035622,642164,46946,234911,26078,77418.48,0,0,1.0005540556415329,0.8460148380919037
2023-07-22,14041.98,8280.75,400.0,2848.52,299.54,1125349,730879,54564,268402,25777,88884.69,0,0,0.9763382130176728,0.8146668054216486
2023-07-23,14082.09,8122.46,400.0,2992.42,294.26,1351537,996515,43343,327953,38269,72427.32,0,0,0.9761179262302279,0.7564915821055046
2023-07-24,14130.35,8209.64,400.0,2792.96,307.79,1567126,1206449,36802,269488,26881,85329.01,0,0,0.9998930242664364,0.7455607163032162
2023-07-25,14030.13,8297.78,400.0,2412.49,275.58,1208011,887846,38166,221757,21111,79127.92,0,0,0.9996633443143975,0.7461334648330933
2023-07-26,14178.94,8185.17,400.0,2275.76,279.53,1760723,855019,31984,232140,20249,75407.29,0,0,0.9994287320832651,0.7982649252702603
2023-07-27,14152.69,8310.52,400.0,1872.99,279.88,1292163,756025,34543,292998,17792,102115.35,0,0,0.9991890421124969,0.8084312472236186
2023-07-28,14039.33,8222.1,400.0,1892.12,263.07,1275035,920793,33503,177448,32097,84236.83,0,0,0.9989441380697528,0.8016179709586926
2023-07-29,14119.81,8257.55,400.0,1666.44,266.16,1164960,749120,37546,155320,17009,84055.78,0,0,0.9746938930370529,0.827409644721399
2023-07-30,13985.04,8372.39,400.0,1600.0,270.92,901137,603620,55391,185193,29158,88593.34,0,0,0.9744381897848199,0.7586509073449791
2023-07-31,13989.27,8367.69,400.0,1600.0,276.82,1297124,719430,41629,215308,31403,68812.7,0,0,0.9981769210334421,0.7659777133785353
2023-08-01,13987.9,8431.35,400.0,1600.0,250.3,1557313,851323,33003,123535,23493,94250.99,0,0,0.9979099897020146,0.789948981533481
2023-08-02,14150.78,8359.05,400.0,1600.0,263.96,1422353,867689,40416,145681,29874,59956.51,0,0,0.9976373091439227,0.7439700118395914
2023-08-03,14221.99,8331.55,400.0,1600.0,256.59,2200916,897153,36343,167683,23762,73760.08,0,0,0.9973588033689581,0.7795368464696124
2023-08-04,14218.23,8302.73,400.0,1600.0,263.45,1651253,671672,42724,207095,35796,76168.3,0,0,0.9970744072516644,0.7900629257606229
2023-08-05,14340.9,8198.2,400.0,1600.0,270.86,1561945,937433,50375,191471,28445,83479.72,0,0,0.9727840667256338,0.777148893547769
2023-08-06,14549.43,8173.46,400.0,1600.0,262.1,1625303,810019,41012,126932,20849,80364.08,0,0,0.9724877389634867,0.7968262429939614
2023-08-07,14633.1,7956.65,400.0,1600.0,268.7,1420040,787600,37672,155713,27180,77867.95,0,0,0.9961853925422892,0.8674370162181197
2023-08-08,14634.65,7887.89,400.0,1600.0,264.85,1751571,876780,46037,179799,25755,79033.48,0,0,0.9958770075941773,0.873092434056303
2023-08-09,14437.88,7848.01,400.0,1600.0,244.13,1179367,1081727,41979,145199,22294,71020.05,0,0,0.9955625759419753,0.8808112444046863
2023-08-10,14278.11,7812.14,400.0,1600.0,255.81,1427752,733813,49255,191131,20728,66869.96,0,0,0.9952421012196152,0.8665266932404903
2023-08-11,14232.33,7778.33,400.0,1600.0,248.06,1425885,787441,32684,123061,37082,85075.89,0,0,0.9949155989771815,0.840099443142857
2023-08-12,14140.9,7769.68,400.0,1600.0,239.51,1513333,706304,42503,125929,21444,83327.39,0,0,0.970583096770424,0.8659200440402386
2023-08-13,14112.86,7836.81,400.0,1600.0,235.48,1368801,877307,30995,176467,24883,90741.44,0,0,0.9702446342346009,0.8392987682105473
2023-08-14,14121.35,7959.24,400.0,1600.0,238.21,1212113,639726,30634,183011,23052,72672.35,0,0,0.9939002631425335,0.8415242331515393
2023-08-15,14200.81,7868.27,400.0,1600.0,237.63,1718032,954140,40659,335871,19607,84813.18,0,0,0.9935500474467711,0.8266707220144257
2023-08-16,14190.23,7699.82,400.0,1600.0,243.11,1634110,573583,50106,227375,31940,76715.58,0,0,0.9931940633057875,0.8415653546101471
2023-08-17,14263.21,7553.94,400.0,1600.0,229.72,1518566,1161300,68632,218548,28806,88524.05,0,0,0.9928323990941466,0.8519411036547331
2023-08-18,14272.88,7485.73,400.0,1600.0,222.3,1952979,688689,56690,155788,36269,86839.1,0,0,0.9924651553965947,0.8842050434752154
2023-08-19,13976.56,7436.46,400.0,1600.0,221.14,1671540,679075,55155,171168,24842,79072.73,0,0,0.9680924449860593,0.8683452797223334
2023-08-20,13835.66,7328.66,400.0,1600.0,240.11,1529215,871538,31355,218898,18965,74612.72,0,0,0.9677143927855492,0.859953093262862
2023-08-21,13814.04,7147.2,400.0,1600.0,238.98,1175786,658802,39094,169533,24488,86532.81,0,0,0.9913311358139743,0.8295168929033097
2023-08-22,13632.59,7083.35,400.0,1600.0,249.83,1295243,564004,37108,145314,34131,84021.27,0,0,0.990942823115922,0.8157008937361696
2023-08-23,13722.58,7108.75,400.0,1600.0,250.21,1321107,1277090,71953,144722,27713,73094.52,0,0,0.9905496156754436,0.8274336472260069
2023-08-24,13952.19,7192.05,400.0,1600.0,245.38,1192312,653497,52603,258037,34933,67713.06,0,0,0.9901516863139291,0.8509734013409241
2023-08-25,14135.01,7114.01,400.0,1600.0,242.91,1453433,1418983,33973,164212,31345,76376.71,0,0,0.989749219572163,0.8222972171723395
2023-08-26,14102.99,7056.19,400.0,1600.0,241.23,1308142,874517,37830,221199,22382,89569.48,0,0,0.9653424115766761,0.8493389838330843
2023-08-27,14326.6,6926.45,400.0,1600.0,247.26,1462860,522423,41213,135554,32312,86238.12,0,0,0.9649314698905267,0.8914946796565684
2023-08-28,14348.9,6922.05,400.0,1600.0,261.01,1362575,783353,35940,138309,21350,69015.92,0,0,0.9885166133486625,0.9043510895819108
2023-08-29,14298.34,6803.27,400.0,1600.0,264.61,1618469,889056,30140,195028,26842,68065.27,0,0,0.9880980718780349,0.9627130133679076
2023-08-30,14206.33,6883.51,400.0,1600.0,276.48,2773392,716724,41850,188949,27182,88094.56,0,0,0.9876760863026549,0.9386508186622632
2023-08-31,14160.96,6633.49,400.0,1600.0,266.83,1455176,469268,39453,176261,28256,68692.65,0,0,0.9872509081338001,0.8999463189780196
2023-09-01,14102.73,6583.14,400.0,1600.0,262.68,1097873,1038902,38516,291205,22751,82399.18,0,0,0.9868227993455959,0.8446342094195116
2023-09-02,14128.29,6625.3,400.0,1600.0,255.44,1192016,838923,27056,149926,22085,71647.82,0,0,0.9623920321362186,0.8911560651820731
2023-09-03,14152.38,6651.03,400.0,1600.0,258.58,1186206,511820,68950,169235,24234,89628.37,0,0,0.9619588886749803,0.9115045966039631
2023-09-04,14152.83,7028.06,400.0,1600.0,254.99,1134745,512421,35191,133999,22911,71543.95,0,0,0.9855236608355744,0.909776103655695
2023-09-05,14218.38,7077.03,400.0,1600.0,262.29,1397065,722652,40940,205045,27391,87072.9,0,0,0.9850866499157789,0.9184821693461745
2023-09-06,14396.97,6936.46,400.0,1600.0,252.98,1385039,922170,35927,182612,22823,79520.26,0,0,0.9846481663439299,0.8834833135511627
2023-09-07,14539.41,6923.1,400.0,1600.0,253.41,1658860,487828,46055,228998,27178,79478.2,0,0,0.9842085293724936,0.9595378260765799
2023-09-08,14316.67,6674.42,400.0,1600.0,260.28,1528276,506064,40396,200215,26016,61290.63,0,0,0.9837680667590831,0.963556162393995
2023-09-09,13933.58,6663.14,400.0,1600.0,239.63,1240576,586653,35018,209533,25355,58016.51,0,0,0.959327114435279,0.9669579659480073
2023-09-10,14073.73,6546.51,400.0,1600.0,260.84,1134268,781655,24652,133423,28710,73919.84,0,0,0.9588860161636308,0.9895268229898733
2023-09-11,13868.7,6674.67,400.0,1600.0,258.01,1426658,674076,34435,185971,29926,78773.07,0,0,0.9824451231832279,1.0044845631633854
2023-09-12,13834.98,6597.73,400.0,1600.0,237.76,1520391,681634,48170,156123,21742,67474.59,0,0,0.9820047938442458,1.011446589759167
2023-09-13,13659.47,6581.38,400.0,1600.0,239.34,1365802,617292,43704,173189,18964,67893.22,0,0,0.9815653932318841,0.9868655407101515
2023-09-14,13389.17,6492.4,400.0,1600.0,239.68,1195204,503209,43989,214446,19419,81079.13,0,0,0.9811272927801299,1.0015265923507006
2023-09-15,13470.39,6735.84,400.0,1600.0,238.86,1893959,572833,62415,165573,31904,80673.69,0,0,0.9806908698757876,1.0600511103039592
2023-09-16,13584.26,6690.87,400.0,1600.0,248.77,2512051,852856,42827,142880,19778,73493.29,0,0,0.9562565074532341,1.101889067138925
2023-09-17,13497.79,6947.43,400.0,1600.0,256.24,1516788,544768,34887,210957,27366,80640.88,0,0,0.955824593580365,1.1514317162958754
2023-09-18,13109.13,7061.41,400.0,1600.0,259.22,1734339,664524,53680,137715,23142,66045.21,0,0,0.9793955210362127,1.1355346591165876
2023-09-19,13027.19,7128.9,400.0,1600.0,263.72,1450089,626764,33066,192758,32210,72912.4,0,0,0.9789696868807245,1.1047613375268157
2023-09-20,13085.96,7180.52,400.0,1600.0,262.68,1348451,555206,36445,177108,25543,89216.0,0,0,0.9785474920171999,1.1008497949951193
2023-09-21,12864.13,7235.65,400.0,1600.0,280.44,1414650,930410,46885,144648,26388,76369.72,0,0,0.9781293407478981,1.1025826489700763
2023-09-22,12891.63,6965.78,400.0,1600.0,265.64,998969,701605,41165,184478,37783,76456.06,0,0,0.9777156403233304,1.136608258778554
2023-09-23,12889.33,6926.73,400.0,1600.0,267.04,1209870,775055,30311,158807,23808,93318.28,0,0,0.9533068004857647,1.0839784036451494
2023-09-24,12976.23,7045.06,400.0,1600.0,267.69,1224063,1026336,34882,170746,21092,62878.32,0,0,0.9529032330074765,1.1315421815339843
2023-09-25,12994.17,7038.21,400.0,1600.0,275.82,1155611,658181,39930,155965,28581,81947.02,0,0,0.9765053512242837,1.1266286768933897
2023-09-26,12848.2,6841.48,400.0,1600.0,267.39,1663772,455397,41996,305430,21020,88986.95,0,0,0.9761135695649148,1.1133541372214373
2023-09-27,13027.69,6834.15,400.0,1600.0,249.95,1078610,1081379,39396,252341,25981,73017.12,0,0,0.9757283030767601,1.081881156507623
2023-09-28,13003.91,7072.72,400.0,1600.0,251.52,1320399,711868,44561,142451,21499,83079.14,0,0,0.975349966948564,1.0304207800969682
2023-09-29,12999.82,7247.29,400.0,1600.0,254.33,1146271,642428,69079,132512,45719,67978.03,0,0,0.974978976030621,1.0560185667941684
2023-09-30,12859.83,7238.61,400.0,1600.0,269.22,1636884,706470,28400,195622,18145,69174.14,0,0,0.9506157443530372,1.0582985045394266
2023-10-01,12793.33,7371.81,400.0,1600.0,256.52,1856128,754246,38795,168210,19746,78161.14,0,0,0.9502606846426291,1.0181851372706716
2023-10-02,12660.61,7320.5,400.0,1600.0,268.07,1088076,989047,37050,151094,28425,82998.39,0,0,0.9739142078390274,0.9779126216958318
2023-10-03,12634.67,7081.96,400.0,1600.0,291.74,1175010,676691,40469,140518,48176,85647.77,0,0,0.9735767226105579,0.967470867245323
2023-10-04,12891.43,6952.53,400.0,1600.0,287.96,1572912,819249,46895,269150,27228,88859.0,0,0,0.9732486348704749,1.0193717220982341
2023-10-05,12685.64,7171.34,400.0,1600.0,275.06,1535667,1276003,41545,194460,38674,75603.96,0,0,0.9729303472941161,1.0112993198888873
2023-10-06,12443.61,7132.98,400.0,1600.0,270.99,1015733,575742,58813,171401,24885,86130.49,0,0,0.9726222588375566,0.9645567206767939
2023-10-07,12664.28,7098.9,400.0,1600.0,271.13,1661723,595707,27484,140274,25051,72500.51,0,0,0.948324764258329,0.956914952786459
2023-10-08,12632.88,7056.93,400.0,1600.0,276.76,950889,698476,53114,106689,34096,82657.32,0,0,0.9480382536387835,0.9484341835489338
2023-10-09,12532.52,7323.5,400.0,1600.0,270.85,1528588,700268,50403,167645,22125,78887.35,0,0,0.9717631119126526,0.8645702428572188
2023-10-10,12688.51,7551.14,400.0,1600.0,286.4,1125189,621563,43862,222654,24666,80954.08,0,0,0.9714997183953873,0.8628818584093846
2023-10-11,12597.67,7861.77,400.0,1600.0,275.26,1348388,752417,31806,148086,23031,80892.03,0,0,0.9712484463188221,0.8557005852195091
2023-10-12,12871.57,7839.5,400.0,1600.0,257.86,1148593,663912,39884,126562,25741,64269.51,0,0,0.9710096623707299,0.8773502194155623
2023-10-13,12973.26,7880.89,400.0,1600.0,268.93,1455744,837944,53137,156617,37513,67794.24,0,0,0.970783726239812,0.9348464233045594
2023-10-14,12900.07,7668.56,400.0,1600.0,246.19,1333421,607460,31978,195439,20591,76185.48,0,0,0.9465709901666741,0.9698787384634581
2023-10-15,13223.67,7875.33,400.0,1600.0,244.14,1311632,740053,34898,134273,25810,61780.98,0,0,0.9463717985013225,0.9615172208385395
2023-10-16,13132.81,7711.84,400.0,1600.0,275.32,1642499,742372,36111,141254,38131,83739.86,0,0,0.9701864872677162,0.9271080537245149
2023-10-17,13244.12,7742.19,400.0,1600.0,275.2,1153504,1037844,34991,201313,21662,83472.78,0,0,0.9700153837358966,1.0071307326469028
2023-10-18,13289.02,7588.57,400.0,1600.0,263.99,1480906,717669,27048,148659,18593,78983.11,0,0,0.9698588060022116,1.0089722231860194
2023-10-19,13484.28,7506.13,400.0,1600.0,263.42,1413032,900437,27835,133394,26561,67208.63,0,0,0.969717062578141,1.009405376471836
2023-10-20,13718.51,7388.91,400.0,1600.0,262.91,1712394,847018,46368,129410,18362,87536.45,0,0,0.9695904519882207,1.008655168864901
2023-10-21,13723.31,7303.81,400.0,1600.0,264.52,2814845,872696,30194,162155,25977,91612.76,0,0,0.9454792623775524,1.0148149266999018
2023-10-22,13610.29,7228.33,400.0,1600.0,271.14,1415094,918755,37153,172342,29347,76261.69,0,0,0.9453837711293775,1.0103258121664795
2023-10-23,13679.29,7151.57,400.0,1600.0,260.75,922703,501881,36370,128467,29837,80502.07,0,0,0.9693042444931769,0.9924868879209949
2023-10-24,13577.63,7268.24,400.0,1600.0,277.62,1173601,573989,60464,211091,20915,78162.52,0,0,0.9692409372237544,0.9754814472455591
2023-10-25,13879.64,7113.56,400.0,1600.0,280.08,1393331,513958,41411,147097,33185,80851.57,0,0,0.9691940922317414,0.9744629326861713
2023-10-26,13900.12,7144.43,400.0,1600.0,287.34,1467152,945755,47765,220387,25051,75731.94,0,0,0.969163940245954,0.9575642829427538
2023-10-27,13845.32,7314.95,400.0,1600.0,281.06,1378339,721217,34317,131896,31645,76625.37,0,0,0.9691506994880155,0.9353972198230481
2023-10-28,13873.02,7243.1,400.0,1600.0,293.93,1250471,977083,32943,168707,32373,83053.76,0,0,0.9451545753596455,0.9387068354964839
2023-10-29,13670.96,7142.59,400.0,1600.0,291.35,1789773,829703,68364,127621,24158,94750.45,0,0,0.9451757601430041,0.9307779170543659
2023-10-30,13525.21,7110.32,400.0,1600.0,294.13,1106027,870963,40177,145682,31833,65129.13,0,0,0.96921443271446,0.9775469494589609
2023-10-31,13705.28,7275.48,400.0,1600.0,284.8,1198982,583010,32670,211821,30989,76327.6,0,0,0.969270758272142,0.8951108651064843
2023-11-01,13606.74,7302.65,400.0,1600.0,274.83,1189778,793117,41551,124521,22407,67313.83,0,0,0.969344888077613,0.9290529909773674
2023-11-02,13449.7,7228.28,400.0,1600.0,281.71,1236533,595570,34910,122114,21350,89513.61,0,0,0.9694369592119906,0.9678019739774324
2023-11-03,13530.2,7296.03,400.0,1600.0,277.28,1347733,650952,37375,136002,24561,72311.76,0,0,0.9695470943468251,0.9033266368561809
2023-11-04,13708.06,7141.71,400.0,1600.0,268.74,1208214,488914,37442,188750,30923,64209.66,0,0,0.9456754015300235,0.8926702260126037
2023-11-05,13815.9,7237.1,400.0,1600.0,262.31,1235368,1027834,42295,170431,29214,81239.19,0,0,0.9458219739870948,0.8811196868611422
2023-11-06,13965.31,7294.3,400.0,1600.0,269.3,1502952,582683,52862,155478,26506,91848.68,0,0,0.9699868899379732,0.8373508923522408
2023-11-07,13851.79,7251.21,400.0,1600.0,263.01,1564679,589871,51567,186207,24714,83242.4,0,0,0.9701702124296574,0.8131634565444092
2023-11-08,13638.52,7133.81,400.0,1600.0,261.83,1336623,885830,35030,119540,32630,79717.18,0,0,0.9703719891848868,0.7786283502648921
2023-11-09,13863.72,7009.67,400.0,1600.0,261.98,1058457,583446,39845,155511,22888,80947.96,0,0,0.970592252467056,0.8331179614347701
2023-11-10,13815.32,7084.55,400.0,1600.0,242.81,1836707,663826,41140,348333,23872,88874.86,0,0,0.970831018961553,0.8622143557807516
2023-11-11,13777.69,7256.6,400.0,1600.0,228.09,1950147,760248,43705,149831,34725,68787.21,0,0,0.9470882896736821,0.9017553655417422
2023-11-12,13976.92,7167.38,400.0,1600.0,231.46,1353104,858150,42600,171975,28427,74847.55,0,0,0.9473640498433197,0.924196895791518
2023-11-13,14060.35,7231.55,400.0,1600.0,224.09,1391870,844632,33075,162434,24921,73593.04,0,0,0.9716582688764293,0.8890872514810845
2023-11-14,14128.74,6939.37,400.0,1600.0,234.65,1365533,492167,42875,172735,23812,67888.71,0,0,0.9719709002935387,0.8727764671112564
2023-11-15,14453.49,6857.52,400.0,1600.0,244.32,1378110,685659,54661,137764,17732,74640.37,0,0,0.9723018816952723,0.8879943403897891
2023-11-16,14356.96,6853.18,400.0,1600.0,251.51,1502781,592617,34821,130726,24008,86624.81,0,0,0.9726511347449993,0.8499903499918767
2023-11-17,14496.14,6725.82,400.0,1600.0,269.71,1116829,798962,41709,151428,32423,82099.28,0,0,0.9730185651686517,0.8721621599260322
2023-11-18,14504.69,6594.71,400.0,1600.0,268.88,2133610,781336,39750,171648,25752,81551.31,0,0,0.9494040627717343,0.8646888628964383
2023-11-19,14544.98,6501.22,400.0,1600.0,275.37,1743374,534465,30268,161334,29623,77594.18,0,0,0.9498075014735399,0.8530332191352774
2023-11-20,14774.25,6542.13,400.0,1600.0,269.53,1508578,896078,40165,159375,25309,81749.91,0,0,0.9742287393585523,0.8751416398817154
2023-11-21,14850.42,6515.9,400.0,1600.0,294.05,2211984,710600,37813,190586,26346,70976.51,0,0,0.9746676187450107,0.8889567077502456
2023-11-22,14931.17,6202.55,400.0,1600.0,313.89,1547545,616062,52341,143397,25276,75036.81,0,0,0.9751239662705786,0.8777318959098234
2023-11-23,15092.04,5905.65,400.0,1600.0,314.0,1132786,577697,41838,146519,31554,101923.31,1,0,0.9755975929950498,0.9137830833506977
2023-11-24,22555.95,8731.03,600.0,2400.0,476.8,2246212,905539,53480,183474,35910,114641.11,0,1,0.9760882945199977,0.8801657153285335
2023-11-25,22367.13,8827.15,600.0,2400.0,497.19,2138062,817962,87092,191836,42078,114389.68,0,1,0.952595851125258,0.8993192037949036
2023-11-26,22132.05,8250.17,600.0,2400.0,494.99,2958960,724608,57683,278143,57656,110810.28,0,1,0.9531200279221146,0.9177626221909359
2023-11-27,21689.62,8145.23,600.0,2400.0,485.14,2473928,710178,58814,206175,33644,110794.85,0,1,0.9776605750230372,0.9081367877881799
2023-11-28,22152.26,8034.72,600.0,2400.0,498.25,2394941,1000788,59509,296366,46766,139552.25,0,1,0.9782172277278051,0.9182784081289928
2023-11-29,21904.04,8326.27,600.0,2400.0,499.42,2339033,882797,49692,210677,59957,121883.32,0,1,0.9787897067258247,0.8793730596067673
2023-11-30,21854.26,8245.41,600.0,2400.0,502.17,1739533,665515,56238,267655,37741,117620.67,0,1,0.979377718314438,0.9081071361164815
2023-12-01,14527.98,5550.56,400.0,1600.0,326.44,1307016,470814,30873,201169,23061,77340.38,0,0,0.9799809546329944,0.9023573127618326
2023-12-02,14574.09,5570.34,400.0,1600.0,309.26,1873979,767869,49920,151514,31132,73434.12,0,0,0.9565990939124427,0.8861024165815512
2023-12-03,14696.45,5272.06,400.0,1600.0,311.62,1400595,492579,38941,344022,34653,75249.45,0,0,0.9572318007401815,0.9187230117893241
2023-12-04,14825.53,5379.61,400.0,1600.0,320.67,1348211,890140,39335,246228,33212,79917.18,0,0,0.9818787263398903,0.8968203346245793
2023-12-05,14738.06,5409.76,400.0,1600.0,318.41,1200139,535945,50881,165889,27859,62521.63,0,0,0.9825395088660409,0.8530220107558484
2023-12-06,14713.0,5480.92,400.0,1600.0,332.78,1117917,397297,33578,157405,26504,65442.5,0,0,0.9832137737127793,0.8046161732212709
2023-12-07,14755.38,6030.59,400.0,1600.0,325.74,1851409,744130,27305,172761,29238,73077.72,0,0,0.9839011338368449,0.8234610077830997
2023-12-08,14718.08,5738.82,400.0,1600.0,315.19,1756694,688822,40137,233880,30891,80187.73,0,0,0.9846011900941809,0.7836440389984737
2023-12-09,14959.18,5980.27,400.0,1600.0,314.52,1998596,518758,36330,191291,24201,75048.26,0,0,0.961313531589874,0.8382121297965309
2023-12-10,15032.83,5940.03,400.0,1600.0,313.69,1577097,859082,39335,148390,33463,89548.13,0,0,0.9620377360410431,0.7734712535553783
2023-12-11,15143.06,5980.26,400.0,1600.0,321.39,1385114,684672,46659,143323,26645,66407.2,0,0,0.9867733701522861,0.8262252380911088
2023-12-12,15242.49,5973.89,400.0,1600.0,313.64,1272895,533722,62908,160521,33282,72342.89,0,0,0.9875199900032748,0.832787158815776
2023-12-13,15418.51,5914.49,400.0,1600.0,327.32,1565634,677380,46574,129937,30135,90891.5,0,0,0.9882771414480778,0.8297797121738352
2023-12-14,15445.67,5834.72,400.0,1600.0,346.99,1650124,612372,55432,148220,35506,79797.67,0,0,0.9890443605257733,0.8128345943293254
2023-12-15,22876.71,8821.27,600.0,2400.0,519.9,2220282,767844,44749,282184,52578,121333.18,0,1,0.9898211738819055,0.8252463608785614
2023-12-16,22966.64,8502.67,600.0,2400.0,538.65,2757194,784155,61414,254264,58262,130356.73,0,1,0.9666070992003214,0.824076050491075
2023-12-17,22820.09,8660.29,600.0,2400.0,522.8,1609420,822155,64460,333599,41199,108233.62,0,1,0.9674016456449146,0.8583849614127328
2023-12-18,22701.15,8572.89,600.0,2400.0,538.93,3345943,919664,50941,245305,63150,115021.14,0,1,0.992204314310793,0.8619370501806533
2023-12-19,22833.08,8335.57,600.0,2400.0,554.64,2201950,776115,77354,196332,65102,113704.69,0,1,0.9930145986843707,0.8666109203420446
2023-12-20,23111.69,8241.07,600.0,2400.0,567.59,1645287,845018,70869,211071,39853,100297.81,0,1,0.9938319851118816,0.855303825518576
2023-12-21,23116.48,8505.07,600.0,2400.0,567.36,2308508,779166,59194,187441,47455,113854.8,0,1,0.9946559532757959,0.8535330115976811
2023-12-22,23185.97,8392.65,600.0,2400.0,523.04,2410203,931881,49761,255476,100012,123425.35,0,1,0.9954859766786145,0.8631045927239138
2023-12-23,23568.96,8467.92,600.0,2400.0,513.42,2538362,878884,54529,189093,57886,119664.89,0,1,0.9723215231335087,0.8099242111791534
2023-12-24,23623.13,8314.42,600.0,2400.0,504.03,2450732,1036700,57161,249652,79051,120802.99,0,1,0.973162055261261,0.7680002606205247
2023-12-25,16139.01,5649.06,400.0,1600.0,326.24,1266232,568889,39385,123617,40283,102723.38,1,0,0.99800703099296,0.791113229073442
2023-12-26,16223.83,5745.03,400.0,1600.0,327.46,2909439,685728,37035,160702,87956,75052.37,0,0,0.9988559040778907,0.7964265591709191
2023-12-27,15959.72,6003.83,400.0,1600.0,323.27,1221388,772505,38449,140173,33238,90381.2,0,0,0.9997081245960618,0.7907053073531878
2023-12-28,16072.72,5979.26,400.0,1600.0,315.02,2247278,568515,50377,123550,40827,75848.67,0,0,1.0005631394747978,0.7912785395553484
2023-12-29,16129.9,6072.87,400.0,1600.0,304.43,1703857,582502,39635,166439,30083,82142.24,0,0,1.0014203930088281,0.8020871405027661
2023-12-30,16323.36,6086.6,400.0,1600.0,297.28,1785630,526261,50938,153304,44043,79990.95,0,0,0.9782793273832944,0.7853024625350373
2023-12-31,16424.34,6268.02,400.0,1600.0,308.49,1469462,685948,39362,127209,30346,90840.85,0,0,0.9791393831990974,0.761099850422269
